Workbook

Sheet Monthly Summary (Airtel)
B2: Individuals
C3: OPT-Ins | D3: Mandatory Svgs | E3: DISBURSEMENTS | I3: REPAYMENTS | L3: PERFORMANCE
B4: ID_MNTH | C4: CUST_BASE | D4: TXN_VAL | E4: TXN_VOL | F4: TXN_VAL | G4: CUST_COUNT | H4: AV_TICKET_SIZE | I4: TXN_VOL | J4: TXN_VAL | K4: CUST_COUNT | L4: DUE | M4: OUTSTANDING
B5: Nov-2022 | C5: 153848 | D5: =5%*F5 -> 952293.3 | E5: =SUMIFS('Daily Summary(Airtel)'!$F$4:$F$1048576,'Daily Summary(Airtel)'!$B$4:$B$1048576,B5) -> 38515 | F5: =SUMIFS('Daily Summary(Airtel)'!$G$4:$G$1048576,'Daily Summary(Airtel)'!$B$4:$B$1048576,B5) -> 19045866 | G5: =SUMIFS('Daily Summary(Airtel)'!$H$4:$H$1048576,'Daily Summary(Airtel)'!$B$4:$B$1048576,B5) -> 38448 | H5: =F5/E5 -> 494.50515 | I5: =SUMIFS('Daily Summary(Airtel)'!$M$4:$M$1048576,'Daily Summary(Airtel)'!$B$4:$B$1048576,B5) -> 17260 | J5: =SUMIFS('Daily Summary(Airtel)'!$N$4:$N$1048576,'Daily Summary(Airtel)'!$B$4:$B$1048576,B5) -> 5020962.3 | K5: =SUMIFS('Daily Summary(Airtel)'!$O$4:$O$1048576,'Daily Summary(Airtel)'!$B$4:$B$1048576,B5) -> 15673 | L5: 18578138 | M5: 18578142 | N5: 18578142 | O5: 18578138
B6: Dec-2022 | C6: 721186 | D6: =5%*F6 -> 18822490 | E6: =SUMIFS('Daily Summary(Airtel)'!$F$4:$F$1048576,'Daily Summary(Airtel)'!$B$4:$B$1048576,B6) -> 762072 | F6: =SUMIFS('Daily Summary(Airtel)'!$G$4:$G$1048576,'Daily Summary(Airtel)'!$B$4:$B$1048576,B6) -> 376449796 | G6: =SUMIFS('Daily Summary(Airtel)'!$H$4:$H$1048576,'Daily Summary(Airtel)'!$B$4:$B$1048576,B6) -> 759911 | H6: =F6/E6 -> 493.98193 | I6: =SUMIFS('Daily Summary(Airtel)'!$M$4:$M$1048576,'Daily Summary(Airtel)'!$B$4:$B$1048576,B6) -> 268241 | J6: =SUMIFS('Daily Summary(Airtel)'!$N$4:$N$1048576,'Daily Summary(Airtel)'!$B$4:$B$1048576,B6) -> 81456028 | K6: =SUMIFS('Daily Summary(Airtel)'!$O$4:$O$1048576,'Daily Summary(Airtel)'!$B$4:$B$1048576,B6) -> 245749 | L6: 3.8985988e+08 | M6: 3.898599e+08 | N6: 3.898599e+08 | O6: 3.8985988e+08
B7: Jan-2023 | C7: 44987 | D7: =5%*F7 -> 2644865.2 | E7: =SUMIFS('Daily Summary(Airtel)'!$F$4:$F$1048576,'Daily Summary(Airtel)'!$B$4:$B$1048576,B7) -> 107644 | F7: =SUMIFS('Daily Summary(Airtel)'!$G$4:$G$1048576,'Daily Summary(Airtel)'!$B$4:$B$1048576,B7) -> 52897303 | G7: =SUMIFS('Daily Summary(Airtel)'!$H$4:$H$1048576,'Daily Summary(Airtel)'!$B$4:$B$1048576,B7) -> 107438 | H7: =F7/E7 -> 491.40967 | I7: =SUMIFS('Daily Summary(Airtel)'!$M$4:$M$1048576,'Daily Summary(Airtel)'!$B$4:$B$1048576,B7) -> 51124 | J7: =SUMIFS('Daily Summary(Airtel)'!$N$4:$N$1048576,'Daily Summary(Airtel)'!$B$4:$B$1048576,B7) -> 17393999 | K7: =SUMIFS('Daily Summary(Airtel)'!$O$4:$O$1048576,'Daily Summary(Airtel)'!$B$4:$B$1048576,B7) -> 47674 | L7: 46792239 | M7: 46792241 | N7: 46792241 | O7: 46792239
B8: Feb-2023 | C8: 23726 | D8: =5%*F8 -> 1943505.9 | E8: =SUMIFS('Daily Summary(Airtel)'!$F$4:$F$1048576,'Daily Summary(Airtel)'!$B$4:$B$1048576,B8) -> 71763 | F8: =SUMIFS('Daily Summary(Airtel)'!$G$4:$G$1048576,'Daily Summary(Airtel)'!$B$4:$B$1048576,B8) -> 38870118 | G8: =SUMIFS('Daily Summary(Airtel)'!$H$4:$H$1048576,'Daily Summary(Airtel)'!$B$4:$B$1048576,B8) -> 71520 | H8: =F8/E8 -> 541.64567 | I8: =SUMIFS('Daily Summary(Airtel)'!$M$4:$M$1048576,'Daily Summary(Airtel)'!$B$4:$B$1048576,B8) -> 44598 | J8: =SUMIFS('Daily Summary(Airtel)'!$N$4:$N$1048576,'Daily Summary(Airtel)'!$B$4:$B$1048576,B8) -> 17501745 | K8: =SUMIFS('Daily Summary(Airtel)'!$O$4:$O$1048576,'Daily Summary(Airtel)'!$B$4:$B$1048576,B8) -> 41261 | L8: 28160119 | M8: 28160120 | N8: 28160120 | O8: 28160119
B9: Mar-2023 | C9: 33271 | D9: =5%*F9 -> 1774143.2 | E9: =SUMIFS('Daily Summary(Airtel)'!$F$4:$F$1048576,'Daily Summary(Airtel)'!$B$4:$B$1048576,B9) -> 65487 | F9: =SUMIFS('Daily Summary(Airtel)'!$G$4:$G$1048576,'Daily Summary(Airtel)'!$B$4:$B$1048576,B9) -> 35482865 | G9: =SUMIFS('Daily Summary(Airtel)'!$H$4:$H$1048576,'Daily Summary(Airtel)'!$B$4:$B$1048576,B9) -> 65245 | H9: =F9/E9 -> 541.83067 | I9: =SUMIFS('Daily Summary(Airtel)'!$M$4:$M$1048576,'Daily Summary(Airtel)'!$B$4:$B$1048576,B9) -> 36489 | J9: =SUMIFS('Daily Summary(Airtel)'!$N$4:$N$1048576,'Daily Summary(Airtel)'!$B$4:$B$1048576,B9) -> 13913926 | K9: =SUMIFS('Daily Summary(Airtel)'!$O$4:$O$1048576,'Daily Summary(Airtel)'!$B$4:$B$1048576,B9) -> 33294 | L9: 28442370 | M9: 28442370 | N9: 28442370 | O9: 28442370
B10: Apr-2023 | C10: 23946 | D10: =5%*F10 -> 1113322.6 | E10: =SUMIFS('Daily Summary(Airtel)'!$F$4:$F$1048576,'Daily Summary(Airtel)'!$B$4:$B$1048576,B10) -> 41507 | F10: =SUMIFS('Daily Summary(Airtel)'!$G$4:$G$1048576,'Daily Summary(Airtel)'!$B$4:$B$1048576,B10) -> 22266452 | G10: =SUMIFS('Daily Summary(Airtel)'!$H$4:$H$1048576,'Daily Summary(Airtel)'!$B$4:$B$1048576,B10) -> 41400 | H10: =F10/E10 -> 536.45053 | I10: =SUMIFS('Daily Summary(Airtel)'!$M$4:$M$1048576,'Daily Summary(Airtel)'!$B$4:$B$1048576,B10) -> 22499 | J10: =SUMIFS('Daily Summary(Airtel)'!$N$4:$N$1048576,'Daily Summary(Airtel)'!$B$4:$B$1048576,B10) -> 8484917.7 | K10: =SUMIFS('Daily Summary(Airtel)'!$O$4:$O$1048576,'Daily Summary(Airtel)'!$B$4:$B$1048576,B10) -> 20355 | L10: 18004262 | M10: 18004262 | N10: 18004262 | O10: 18004262
B11: May-2023 | C11: 20781 | D11: =5%*F11 -> 893555.15 | E11: =SUMIFS('Daily Summary(Airtel)'!$F$4:$F$1048576,'Daily Summary(Airtel)'!$B$4:$B$1048576,B11) -> 33393 | F11: =SUMIFS('Daily Summary(Airtel)'!$G$4:$G$1048576,'Daily Summary(Airtel)'!$B$4:$B$1048576,B11) -> 17871103 | G11: =SUMIFS('Daily Summary(Airtel)'!$H$4:$H$1048576,'Daily Summary(Airtel)'!$B$4:$B$1048576,B11) -> 33311 | H11: =F11/E11 -> 535.17513 | I11: =SUMIFS('Daily Summary(Airtel)'!$M$4:$M$1048576,'Daily Summary(Airtel)'!$B$4:$B$1048576,B11) -> 17374 | J11: =SUMIFS('Daily Summary(Airtel)'!$N$4:$N$1048576,'Daily Summary(Airtel)'!$B$4:$B$1048576,B11) -> 6607478.6 | K11: =SUMIFS('Daily Summary(Airtel)'!$O$4:$O$1048576,'Daily Summary(Airtel)'!$B$4:$B$1048576,B11) -> 15952 | L11: 14579894 | M11: 14579894 | N11: 14579894 | O11: 14579894
B12: Jun-2023 | C12: 17479 | D12: =5%*F12 -> 757464.9 | E12: =SUMIFS('Daily Summary(Airtel)'!$F$4:$F$1048576,'Daily Summary(Airtel)'!$B$4:$B$1048576,B12) -> 28314 | F12: =SUMIFS('Daily Summary(Airtel)'!$G$4:$G$1048576,'Daily Summary(Airtel)'!$B$4:$B$1048576,B12) -> 15149298 | G12: =SUMIFS('Daily Summary(Airtel)'!$H$4:$H$1048576,'Daily Summary(Airtel)'!$B$4:$B$1048576,B12) -> 28251 | H12: =F12/E12 -> 535.0462 | I12: =SUMIFS('Daily Summary(Airtel)'!$M$4:$M$1048576,'Daily Summary(Airtel)'!$B$4:$B$1048576,B12) -> 15245 | J12: =SUMIFS('Daily Summary(Airtel)'!$N$4:$N$1048576,'Daily Summary(Airtel)'!$B$4:$B$1048576,B12) -> 5661462.6 | K12: =SUMIFS('Daily Summary(Airtel)'!$O$4:$O$1048576,'Daily Summary(Airtel)'!$B$4:$B$1048576,B12) -> 13971 | L12: 12200835 | M12: 12200835 | N12: 12200835 | O12: 12200835
B13: Jul-2023 | C13: 13709 | D13: =5%*F13 -> 591678.8 | E13: =SUMIFS('Daily Summary(Airtel)'!$F$4:$F$1048576,'Daily Summary(Airtel)'!$B$4:$B$1048576,B13) -> 22035 | F13: =SUMIFS('Daily Summary(Airtel)'!$G$4:$G$1048576,'Daily Summary(Airtel)'!$B$4:$B$1048576,B13) -> 11833576 | G13: =SUMIFS('Daily Summary(Airtel)'!$H$4:$H$1048576,'Daily Summary(Airtel)'!$B$4:$B$1048576,B13) -> 21990 | H13: =F13/E13 -> 537.03544 | I13: =SUMIFS('Daily Summary(Airtel)'!$M$4:$M$1048576,'Daily Summary(Airtel)'!$B$4:$B$1048576,B13) -> 12304 | J13: =SUMIFS('Daily Summary(Airtel)'!$N$4:$N$1048576,'Daily Summary(Airtel)'!$B$4:$B$1048576,B13) -> 4593175.2 | K13: =SUMIFS('Daily Summary(Airtel)'!$O$4:$O$1048576,'Daily Summary(Airtel)'!$B$4:$B$1048576,B13) -> 11258 | L13: 9264341.8 | M13: 9264342.6 | N13: 9264342.6 | O13: 9264341.8
B14: Aug-2023 | C14: 10850 | D14: =5%*F14 -> 375436.6 | E14: =SUMIFS('Daily Summary(Airtel)'!$F$4:$F$1048576,'Daily Summary(Airtel)'!$B$4:$B$1048576,B14) -> 13870 | F14: =SUMIFS('Daily Summary(Airtel)'!$G$4:$G$1048576,'Daily Summary(Airtel)'!$B$4:$B$1048576,B14) -> 7508732 | G14: =SUMIFS('Daily Summary(Airtel)'!$H$4:$H$1048576,'Daily Summary(Airtel)'!$B$4:$B$1048576,B14) -> 13841 | H14: =F14/E14 -> 541.36496 | I14: =SUMIFS('Daily Summary(Airtel)'!$M$4:$M$1048576,'Daily Summary(Airtel)'!$B$4:$B$1048576,B14) -> 10095 | J14: =SUMIFS('Daily Summary(Airtel)'!$N$4:$N$1048576,'Daily Summary(Airtel)'!$B$4:$B$1048576,B14) -> 3384159.4 | K14: =SUMIFS('Daily Summary(Airtel)'!$O$4:$O$1048576,'Daily Summary(Airtel)'!$B$4:$B$1048576,B14) -> 9085 | L14: 5306763.1 | M14: 5306763.1 | N14: 5306763.1 | O14: 5306763.1
B15: Sept-2023 | C15: 5728 | D15: =5%*F15 -> 143199.9 | E15: =SUMIFS('Daily Summary(Airtel)'!$F$4:$F$1048576,'Daily Summary(Airtel)'!$B$4:$B$1048576,B15) -> 5013 | F15: =SUMIFS('Daily Summary(Airtel)'!$G$4:$G$1048576,'Daily Summary(Airtel)'!$B$4:$B$1048576,B15) -> 2863998 | G15: =SUMIFS('Daily Summary(Airtel)'!$H$4:$H$1048576,'Daily Summary(Airtel)'!$B$4:$B$1048576,B15) -> 5005 | H15: =F15/E15 -> 571.31418 | I15: =SUMIFS('Daily Summary(Airtel)'!$M$4:$M$1048576,'Daily Summary(Airtel)'!$B$4:$B$1048576,B15) -> 5926 | J15: =SUMIFS('Daily Summary(Airtel)'!$N$4:$N$1048576,'Daily Summary(Airtel)'!$B$4:$B$1048576,B15) -> 2003586.2 | K15: =SUMIFS('Daily Summary(Airtel)'!$O$4:$O$1048576,'Daily Summary(Airtel)'!$B$4:$B$1048576,B15) -> 5254 | L15: 1207852.7 | M15: 1207852.7 | N15: 1207852.7 | O15: 1207852.7
B16: Oct-2023 | C16: 3536 | D16: =5%*F16 -> 62580.7 | E16: =SUMIFS('Daily Summary(Airtel)'!$F$4:$F$1048576,'Daily Summary(Airtel)'!$B$4:$B$1048576,B16) -> 2374 | F16: =SUMIFS('Daily Summary(Airtel)'!$G$4:$G$1048576,'Daily Summary(Airtel)'!$B$4:$B$1048576,B16) -> 1251614 | G16: =SUMIFS('Daily Summary(Airtel)'!$H$4:$H$1048576,'Daily Summary(Airtel)'!$B$4:$B$1048576,B16) -> 2371 | H16: =F16/E16 -> 527.21735 | I16: =SUMIFS('Daily Summary(Airtel)'!$M$4:$M$1048576,'Daily Summary(Airtel)'!$B$4:$B$1048576,B16) -> 2207 | J16: =SUMIFS('Daily Summary(Airtel)'!$N$4:$N$1048576,'Daily Summary(Airtel)'!$B$4:$B$1048576,B16) -> 684796.44 | K16: =SUMIFS('Daily Summary(Airtel)'!$O$4:$O$1048576,'Daily Summary(Airtel)'!$B$4:$B$1048576,B16) -> 1955 | L16: 774630.99 | M16: 774630.99 | N16: 774630.99 | O16: 774630.99
... B23: May-2024 | C23: 2901 | D23: =5%*F23 -> 54358 | E23: =SUMIFS('Daily Summary(Airtel)'!$F$4:$F$1048576,'Daily Summary(Airtel)'!$B$4:$B$1048576,B23) -> 1801 | F23: =SUMIFS('Daily Summary(Airtel)'!$G$4:$G$1048576,'Daily Summary(Airtel)'!$B$4:$B$1048576,B23) -> 1087160 | G23: =SUMIFS('Daily Summary(Airtel)'!$H$4:$H$1048576,'Daily Summary(Airtel)'!$B$4:$B$1048576,B23) -> 1789 | H23: =F23/E23 -> 603.64242 | I23: =SUMIFS('Daily Summary(Airtel)'!$M$4:$M$1048576,'Daily Summary(Airtel)'!$B$4:$B$1048576,B23) -> 1579 | J23: =SUMIFS('Daily Summary(Airtel)'!$N$4:$N$1048576,'Daily Summary(Airtel)'!$B$4:$B$1048576,B23) -> 610712.56 | K23: =SUMIFS('Daily Summary(Airtel)'!$O$4:$O$1048576,'Daily Summary(Airtel)'!$B$4:$B$1048576,B23) -> 1436 | L23: 568636.29 | M23: 568636.29 | N23: 568636.29 | O23: 568636.29
B24: Jun-2024 | C24: 2811 | D24: =5%*F24 -> 0 | E24: =SUMIFS('Daily Summary(Airtel)'!$F$4:$F$1048576,'Daily Summary(Airtel)'!$B$4:$B$1048576,B24) -> 0 | F24: =SUMIFS('Daily Summary(Airtel)'!$G$4:$G$1048576,'Daily Summary(Airtel)'!$B$4:$B$1048576,B24) -> 0 | G24: =SUMIFS('Daily Summary(Airtel)'!$H$4:$H$1048576,'Daily Summary(Airtel)'!$B$4:$B$1048576,B24) -> 0 | I24: =SUMIFS('Daily Summary(Airtel)'!$M$4:$M$1048576,'Daily Summary(Airtel)'!$B$4:$B$1048576,B24) -> 0 | J24: =SUMIFS('Daily Summary(Airtel)'!$N$4:$N$1048576,'Daily Summary(Airtel)'!$B$4:$B$1048576,B24) -> 0 | K24: =SUMIFS('Daily Summary(Airtel)'!$O$4:$O$1048576,'Daily Summary(Airtel)'!$B$4:$B$1048576,B24) -> 0
B25: Jul-2024 | C25: 2676 | D25: =5%*F25 -> 97935.6 | E25: =SUMIFS('Daily Summary(Airtel)'!$F$4:$F$1048576,'Daily Summary(Airtel)'!$B$4:$B$1048576,B25) -> 3628 | F25: =SUMIFS('Daily Summary(Airtel)'!$G$4:$G$1048576,'Daily Summary(Airtel)'!$B$4:$B$1048576,B25) -> 1958712 | G25: =SUMIFS('Daily Summary(Airtel)'!$H$4:$H$1048576,'Daily Summary(Airtel)'!$B$4:$B$1048576,B25) -> 3609 | H25: =F25/E25 -> 539.88754 | I25: =SUMIFS('Daily Summary(Airtel)'!$M$4:$M$1048576,'Daily Summary(Airtel)'!$B$4:$B$1048576,B25) -> 2687 | J25: =SUMIFS('Daily Summary(Airtel)'!$N$4:$N$1048576,'Daily Summary(Airtel)'!$B$4:$B$1048576,B25) -> 1095073.8 | K25: =SUMIFS('Daily Summary(Airtel)'!$O$4:$O$1048576,'Daily Summary(Airtel)'!$B$4:$B$1048576,B25) -> 2428 | L25: 1016112.6 | M25: 1016112.6 | N25: 1016112.6 | O25: 1016112.6
B26: Aug-2024 | C26: 3805 | D26: =5%*F26 -> 182176 | E26: =SUMIFS('Daily Summary(Airtel)'!$F$4:$F$1048576,'Daily Summary(Airtel)'!$B$4:$B$1048576,B26) -> 9849 | F26: =SUMIFS('Daily Summary(Airtel)'!$G$4:$G$1048576,'Daily Summary(Airtel)'!$B$4:$B$1048576,B26) -> 3643520 | G26: =SUMIFS('Daily Summary(Airtel)'!$H$4:$H$1048576,'Daily Summary(Airtel)'!$B$4:$B$1048576,B26) -> 9748 | H26: =F26/E26 -> 369.93806 | I26: =SUMIFS('Daily Summary(Airtel)'!$M$4:$M$1048576,'Daily Summary(Airtel)'!$B$4:$B$1048576,B26) -> 6183 | J26: =SUMIFS('Daily Summary(Airtel)'!$N$4:$N$1048576,'Daily Summary(Airtel)'!$B$4:$B$1048576,B26) -> 1840936.3 | K26: =SUMIFS('Daily Summary(Airtel)'!$O$4:$O$1048576,'Daily Summary(Airtel)'!$B$4:$B$1048576,B26) -> 5638 | L26: 2109326.5 | M26: 2109326.5 | N26: 2109326.5 | O26: 2109326.5
B27: Sept-2024 | C27: 2817 | D27: =5%*F27 -> 228322.7 | E27: =SUMIFS('Daily Summary(Airtel)'!$F$4:$F$1048576,'Daily Summary(Airtel)'!$B$4:$B$1048576,B27) -> 10626 | F27: =SUMIFS('Daily Summary(Airtel)'!$G$4:$G$1048576,'Daily Summary(Airtel)'!$B$4:$B$1048576,B27) -> 4566454 | G27: =SUMIFS('Daily Summary(Airtel)'!$H$4:$H$1048576,'Daily Summary(Airtel)'!$B$4:$B$1048576,B27) -> 10470 | H27: =F27/E27 -> 429.74346 | I27: =SUMIFS('Daily Summary(Airtel)'!$M$4:$M$1048576,'Daily Summary(Airtel)'!$B$4:$B$1048576,B27) -> 9007 | J27: =SUMIFS('Daily Summary(Airtel)'!$N$4:$N$1048576,'Daily Summary(Airtel)'!$B$4:$B$1048576,B27) -> 2678482.9 | K27: =SUMIFS('Daily Summary(Airtel)'!$O$4:$O$1048576,'Daily Summary(Airtel)'!$B$4:$B$1048576,B27) -> 8065 | L27: 2197343.3 | M27: 2197343.3 | N27: 2197343.3 | O27: 2197343.3
B28: Oct-2024 | C28: 5131 | D28: =5%*F28 -> 147013.9 | E28: =SUMIFS('Daily Summary(Airtel)'!$F$4:$F$1048576,'Daily Summary(Airtel)'!$B$4:$B$1048576,B28) -> 9325 | F28: =SUMIFS('Daily Summary(Airtel)'!$G$4:$G$1048576,'Daily Summary(Airtel)'!$B$4:$B$1048576,B28) -> 2940278 | G28: =SUMIFS('Daily Summary(Airtel)'!$H$4:$H$1048576,'Daily Summary(Airtel)'!$B$4:$B$1048576,B28) -> 9196 | H28: =F28/E28 -> 315.31131 | I28: =SUMIFS('Daily Summary(Airtel)'!$M$4:$M$1048576,'Daily Summary(Airtel)'!$B$4:$B$1048576,B28) -> 7253 | J28: =SUMIFS('Daily Summary(Airtel)'!$N$4:$N$1048576,'Daily Summary(Airtel)'!$B$4:$B$1048576,B28) -> 1871769.7 | K28: =SUMIFS('Daily Summary(Airtel)'!$O$4:$O$1048576,'Daily Summary(Airtel)'!$B$4:$B$1048576,B28) -> 6550 | L28: 1243331.7 | M28: 1243331.7 | N28: 1243331.7 | O28: 1243331.7
B29: Nov-2024 | C29: 7683 | D29: =5%*F29 -> 42789.8 | E29: =SUMIFS('Daily Summary(Airtel)'!$F$4:$F$1048576,'Daily Summary(Airtel)'!$B$4:$B$1048576,B29) -> 8622 | F29: =SUMIFS('Daily Summary(Airtel)'!$G$4:$G$1048576,'Daily Summary(Airtel)'!$B$4:$B$1048576,B29) -> 855796 | G29: =SUMIFS('Daily Summary(Airtel)'!$H$4:$H$1048576,'Daily Summary(Airtel)'!$B$4:$B$1048576,B29) -> 8392 | H29: =F29/E29 -> 99.257249 | I29: =SUMIFS('Daily Summary(Airtel)'!$M$4:$M$1048576,'Daily Summary(Airtel)'!$B$4:$B$1048576,B29) -> 5274 | J29: =SUMIFS('Daily Summary(Airtel)'!$N$4:$N$1048576,'Daily Summary(Airtel)'!$B$4:$B$1048576,B29) -> 384696.84 | K29: =SUMIFS('Daily Summary(Airtel)'!$O$4:$O$1048576,'Daily Summary(Airtel)'!$B$4:$B$1048576,B29) -> 4859 | L29: 545898.18 | M29: 545898.24 | N29: 545898.24 | O29: 545898.18
B30: Dec-2024 | C30: 7586 | D30: =5%*F30 -> 271969.2 | E30: =SUMIFS('Daily Summary(Airtel)'!$F$4:$F$1048576,'Daily Summary(Airtel)'!$B$4:$B$1048576,B30) -> 17965 | F30: =SUMIFS('Daily Summary(Airtel)'!$G$4:$G$1048576,'Daily Summary(Airtel)'!$B$4:$B$1048576,B30) -> 5439384 | G30: =SUMIFS('Daily Summary(Airtel)'!$H$4:$H$1048576,'Daily Summary(Airtel)'!$B$4:$B$1048576,B30) -> 17707 | H30: =F30/E30 -> 302.77673 | I30: =SUMIFS('Daily Summary(Airtel)'!$M$4:$M$1048576,'Daily Summary(Airtel)'!$B$4:$B$1048576,B30) -> 14968 | J30: =SUMIFS('Daily Summary(Airtel)'!$N$4:$N$1048576,'Daily Summary(Airtel)'!$B$4:$B$1048576,B30) -> 3410525.7 | K30: =SUMIFS('Daily Summary(Airtel)'!$O$4:$O$1048576,'Daily Summary(Airtel)'!$B$4:$B$1048576,B30) -> 13162 | L30: 2324742.5 | M30: 2324742.8 | N30: 2324742.8 | O30: 2324742.5
B31: Jan-2025 | C31: 6690 | D31: =5%*F31 -> 184047.4 | E31: =SUMIFS('Daily Summary(Airtel)'!$F$4:$F$1048576,'Daily Summary(Airtel)'!$B$4:$B$1048576,B31) -> 13951 | F31: =SUMIFS('Daily Summary(Airtel)'!$G$4:$G$1048576,'Daily Summary(Airtel)'!$B$4:$B$1048576,B31) -> 3680948 | G31: =SUMIFS('Daily Summary(Airtel)'!$H$4:$H$1048576,'Daily Summary(Airtel)'!$B$4:$B$1048576,B31) -> 13764 | H31: =F31/E31 -> 263.84833 | I31: =SUMIFS('Daily Summary(Airtel)'!$M$4:$M$1048576,'Daily Summary(Airtel)'!$B$4:$B$1048576,B31) -> 11087 | J31: =SUMIFS('Daily Summary(Airtel)'!$N$4:$N$1048576,'Daily Summary(Airtel)'!$B$4:$B$1048576,B31) -> 2444352 | K31: =SUMIFS('Daily Summary(Airtel)'!$O$4:$O$1048576,'Daily Summary(Airtel)'!$B$4:$B$1048576,B31) -> 10104 | L31: 1412231.5 | M31: 1412231.5 | N31: 1412231.5 | O31: 1412231.5
B32: Feb-2025 | C32: 7092 | D32: =5%*F32 -> 161924.95 | E32: =SUMIFS('Daily Summary(Airtel)'!$F$4:$F$1048576,'Daily Summary(Airtel)'!$B$4:$B$1048576,B32) -> 13713 | F32: =SUMIFS('Daily Summary(Airtel)'!$G$4:$G$1048576,'Daily Summary(Airtel)'!$B$4:$B$1048576,B32) -> 3238499 | G32: =SUMIFS('Daily Summary(Airtel)'!$H$4:$H$1048576,'Daily Summary(Airtel)'!$B$4:$B$1048576,B32) -> 13503 | H32: =F32/E32 -> 236.16269 | I32: =SUMIFS('Daily Summary(Airtel)'!$M$4:$M$1048576,'Daily Summary(Airtel)'!$B$4:$B$1048576,B32) -> 10215 | J32: =SUMIFS('Daily Summary(Airtel)'!$N$4:$N$1048576,'Daily Summary(Airtel)'!$B$4:$B$1048576,B32) -> 2197723.3 | K32: =SUMIFS('Daily Summary(Airtel)'!$O$4:$O$1048576,'Daily Summary(Airtel)'!$B$4:$B$1048576,B32) -> 9403 | L32: 1179633.1 | M32: 1179633.1 | N32: 1179633.1 | O32: 1179633.1
B33: Mar-2025 | C33: 8376 | D33: =5%*F33 -> 189528.79 | E33: =SUMIFS('Daily Summary(Airtel)'!$F$4:$F$1048576,'Daily Summary(Airtel)'!$B$4:$B$1048576,B33) -> 16502 | F33: =SUMIFS('Daily Summary(Airtel)'!$G$4:$G$1048576,'Daily Summary(Airtel)'!$B$4:$B$1048576,B33) -> 3790575.9 | G33: =SUMIFS('Daily Summary(Airtel)'!$H$4:$H$1048576,'Daily Summary(Airtel)'!$B$4:$B$1048576,B33) -> 16291 | H33: =F33/E33 -> 229.70403 | I33: =SUMIFS('Daily Summary(Airtel)'!$M$4:$M$1048576,'Daily Summary(Airtel)'!$B$4:$B$1048576,B33) -> 11900 | J33: =SUMIFS('Daily Summary(Airtel)'!$N$4:$N$1048576,'Daily Summary(Airtel)'!$B$4:$B$1048576,B33) -> 2443256.6 | K33: =SUMIFS('Daily Summary(Airtel)'!$O$4:$O$1048576,'Daily Summary(Airtel)'!$B$4:$B$1048576,B33) -> 10921 | L33: 1515940.9 | M33: 1515940.9 | N33: 1515940.9 | O33: 1515940.9
B34: Apr-2025 | C34: 7253 | D34: =5%*F34 -> 159140.4 | E34: =SUMIFS('Daily Summary(Airtel)'!$F$4:$F$1048576,'Daily Summary(Airtel)'!$B$4:$B$1048576,B34) -> 14201 | F34: =SUMIFS('Daily Summary(Airtel)'!$G$4:$G$1048576,'Daily Summary(Airtel)'!$B$4:$B$1048576,B34) -> 3182808 | G34: =SUMIFS('Daily Summary(Airtel)'!$H$4:$H$1048576,'Daily Summary(Airtel)'!$B$4:$B$1048576,B34) -> 13955 | H34: =F34/E34 -> 224.12562 | I34: =SUMIFS('Daily Summary(Airtel)'!$M$4:$M$1048576,'Daily Summary(Airtel)'!$B$4:$B$1048576,B34) -> 10455 | J34: =SUMIFS('Daily Summary(Airtel)'!$N$4:$N$1048576,'Daily Summary(Airtel)'!$B$4:$B$1048576,B34) -> 2079059.8 | K34: =SUMIFS('Daily Summary(Airtel)'!$O$4:$O$1048576,'Daily Summary(Airtel)'!$B$4:$B$1048576,B34) -> 9577 | L34: 1233635.4 | M34: 1233635.4 | N34: 1233635.4 | O34: 1233635.4
B35: May-2025 | C35: 556 | D35: =5%*F35 -> 127717.15 | E35: =SUMIFS('Daily Summary(Airtel)'!$F$4:$F$1048576,'Daily Summary(Airtel)'!$B$4:$B$1048576,B35) -> 8078 | F35: =SUMIFS('Daily Summary(Airtel)'!$G$4:$G$1048576,'Daily Summary(Airtel)'!$B$4:$B$1048576,B35) -> 2554343 | G35: =SUMIFS('Daily Summary(Airtel)'!$H$4:$H$1048576,'Daily Summary(Airtel)'!$B$4:$B$1048576,B35) -> 7958 | H35: =F35/E35 -> 316.20983 | I35: =SUMIFS('Daily Summary(Airtel)'!$M$4:$M$1048576,'Daily Summary(Airtel)'!$B$4:$B$1048576,B35) -> 7760 | J35: =SUMIFS('Daily Summary(Airtel)'!$N$4:$N$1048576,'Daily Summary(Airtel)'!$B$4:$B$1048576,B35) -> 1856481 | K35: =SUMIFS('Daily Summary(Airtel)'!$O$4:$O$1048576,'Daily Summary(Airtel)'!$B$4:$B$1048576,B35) -> 6980 | L35: 775590.43 | M35: 775590.43 | N35: 775590.43 | O35: 775590.43
B36: Jun-2025 | C36: 7 | D36: =5%*F36 -> 109579.9 | E36: =SUMIFS('Daily Summary(Airtel)'!$F$4:$F$1048576,'Daily Summary(Airtel)'!$B$4:$B$1048576,B36) -> 5889 | F36: =SUMIFS('Daily Summary(Airtel)'!$G$4:$G$1048576,'Daily Summary(Airtel)'!$B$4:$B$1048576,B36) -> 2191598 | G36: =SUMIFS('Daily Summary(Airtel)'!$H$4:$H$1048576,'Daily Summary(Airtel)'!$B$4:$B$1048576,B36) -> 5806 | H36: =F36/E36 -> 372.15113 | I36: =SUMIFS('Daily Summary(Airtel)'!$M$4:$M$1048576,'Daily Summary(Airtel)'!$B$4:$B$1048576,B36) -> 6183 | J36: =SUMIFS('Daily Summary(Airtel)'!$N$4:$N$1048576,'Daily Summary(Airtel)'!$B$4:$B$1048576,B36) -> 1660378.4 | K36: =SUMIFS('Daily Summary(Airtel)'!$O$4:$O$1048576,'Daily Summary(Airtel)'!$B$4:$B$1048576,B36) -> 5548 | L36: 586507.63 | M36: 586507.63 | N36: 586507.63 | O36: 586507.63
... B38: Aug-2025 | C38: 5 | D38: =5%*F38 -> 95788.45 | E38: =SUMIFS('Daily Summary(Airtel)'!$F$4:$F$1048576,'Daily Summary(Airtel)'!$B$4:$B$1048576,B38) -> 4547 | F38: =SUMIFS('Daily Summary(Airtel)'!$G$4:$G$1048576,'Daily Summary(Airtel)'!$B$4:$B$1048576,B38) -> 1915769 | G38: =SUMIFS('Daily Summary(Airtel)'!$H$4:$H$1048576,'Daily Summary(Airtel)'!$B$4:$B$1048576,B38) -> 4482 | H38: =F38/E38 -> 421.32593 | I38: =SUMIFS('Daily Summary(Airtel)'!$M$4:$M$1048576,'Daily Summary(Airtel)'!$B$4:$B$1048576,B38) -> 4741 | J38: =SUMIFS('Daily Summary(Airtel)'!$N$4:$N$1048576,'Daily Summary(Airtel)'!$B$4:$B$1048576,B38) -> 1435479.4 | K38: =SUMIFS('Daily Summary(Airtel)'!$O$4:$O$1048576,'Daily Summary(Airtel)'!$B$4:$B$1048576,B38) -> 4383 | L38: 520575.61 | M38: 520575.61 | N38: 520575.61 | O38: 520575.61
B39: Sept-2025 | D39: =5%*F39 -> 83238.25 | E39: =SUMIFS('Daily Summary(Airtel)'!$F$4:$F$1048576,'Daily Summary(Airtel)'!$B$4:$B$1048576,B39) -> 3794 | F39: =SUMIFS('Daily Summary(Airtel)'!$G$4:$G$1048576,'Daily Summary(Airtel)'!$B$4:$B$1048576,B39) -> 1664765 | G39: =SUMIFS('Daily Summary(Airtel)'!$H$4:$H$1048576,'Daily Summary(Airtel)'!$B$4:$B$1048576,B39) -> 3752 | H39: =F39/E39 -> 438.78888 | I39: =SUMIFS('Daily Summary(Airtel)'!$M$4:$M$1048576,'Daily Summary(Airtel)'!$B$4:$B$1048576,B39) -> 4183 | J39: =SUMIFS('Daily Summary(Airtel)'!$N$4:$N$1048576,'Daily Summary(Airtel)'!$B$4:$B$1048576,B39) -> 1308717.7 | K39: =SUMIFS('Daily Summary(Airtel)'!$O$4:$O$1048576,'Daily Summary(Airtel)'!$B$4:$B$1048576,B39) -> 3826 | L39: 385168.74 | M39: 385168.74 | N39: 385168.74 | O39: 385168.74
B40: Oct-2025 | C40: 1 | D40: =5%*F40 -> 94699.55 | E40: =SUMIFS('Daily Summary(Airtel)'!$F$4:$F$1048576,'Daily Summary(Airtel)'!$B$4:$B$1048576,B40) -> 4290 | F40: =SUMIFS('Daily Summary(Airtel)'!$G$4:$G$1048576,'Daily Summary(Airtel)'!$B$4:$B$1048576,B40) -> 1893991 | G40: =SUMIFS('Daily Summary(Airtel)'!$H$4:$H$1048576,'Daily Summary(Airtel)'!$B$4:$B$1048576,B40) -> 4197 | H40: =F40/E40 -> 441.48974 | I40: =SUMIFS('Daily Summary(Airtel)'!$M$4:$M$1048576,'Daily Summary(Airtel)'!$B$4:$B$1048576,B40) -> 4569 | J40: =SUMIFS('Daily Summary(Airtel)'!$N$4:$N$1048576,'Daily Summary(Airtel)'!$B$4:$B$1048576,B40) -> 1428031.5 | K40: =SUMIFS('Daily Summary(Airtel)'!$O$4:$O$1048576,'Daily Summary(Airtel)'!$B$4:$B$1048576,B40) -> 4147 | L40: 496695.05 | M40: 496695.05 | N40: 496695.05 | O40: 496695.05
B41: Nov-2025 | C41: 1 | D41: =5%*F41 -> 90302.8 | E41: =SUMIFS('Daily Summary(Airtel)'!$F$4:$F$1048576,'Daily Summary(Airtel)'!$B$4:$B$1048576,B41) -> 4073 | F41: =SUMIFS('Daily Summary(Airtel)'!$G$4:$G$1048576,'Daily Summary(Airtel)'!$B$4:$B$1048576,B41) -> 1806056 | G41: =SUMIFS('Daily Summary(Airtel)'!$H$4:$H$1048576,'Daily Summary(Airtel)'!$B$4:$B$1048576,B41) -> 4027 | H41: =F41/E41 -> 443.42156 | I41: =SUMIFS('Daily Summary(Airtel)'!$M$4:$M$1048576,'Daily Summary(Airtel)'!$B$4:$B$1048576,B41) -> 4130 | J41: =SUMIFS('Daily Summary(Airtel)'!$N$4:$N$1048576,'Daily Summary(Airtel)'!$B$4:$B$1048576,B41) -> 1366407.2 | K41: =SUMIFS('Daily Summary(Airtel)'!$O$4:$O$1048576,'Daily Summary(Airtel)'!$B$4:$B$1048576,B41) -> 3818 | L41: 465453.56 | M41: 465453.56 | N41: 465453.56 | O41: 465453.56
B42: Dec-2025 | C42: 1 | D42: =5%*F42 -> 79459.1 | E42: =SUMIFS('Daily Summary(Airtel)'!$F$4:$F$1048576,'Daily Summary(Airtel)'!$B$4:$B$1048576,B42) -> 3478 | F42: =SUMIFS('Daily Summary(Airtel)'!$G$4:$G$1048576,'Daily Summary(Airtel)'!$B$4:$B$1048576,B42) -> 1589182 | G42: =SUMIFS('Daily Summary(Airtel)'!$H$4:$H$1048576,'Daily Summary(Airtel)'!$B$4:$B$1048576,B42) -> 3418 | H42: =F42/E42 -> 456.92409 | I42: =SUMIFS('Daily Summary(Airtel)'!$M$4:$M$1048576,'Daily Summary(Airtel)'!$B$4:$B$1048576,B42) -> 3616 | J42: =SUMIFS('Daily Summary(Airtel)'!$N$4:$N$1048576,'Daily Summary(Airtel)'!$B$4:$B$1048576,B42) -> 1228659.4 | K42: =SUMIFS('Daily Summary(Airtel)'!$O$4:$O$1048576,'Daily Summary(Airtel)'!$B$4:$B$1048576,B42) -> 3342 | L42: 378444.06 | M42: 378444.06 | N42: 378444.06 | O42: 378444.06
B43: Jan-2026 | D43: =5%*F43 -> 90807.05 | E43: =SUMIFS('Daily Summary(Airtel)'!$F$4:$F$1048576,'Daily Summary(Airtel)'!$B$4:$B$1048576,B43) -> 3924 | F43: =SUMIFS('Daily Summary(Airtel)'!$G$4:$G$1048576,'Daily Summary(Airtel)'!$B$4:$B$1048576,B43) -> 1816141 | G43: =SUMIFS('Daily Summary(Airtel)'!$H$4:$H$1048576,'Daily Summary(Airtel)'!$B$4:$B$1048576,B43) -> 3834 | H43: =F43/E43 -> 462.829 | I43: =SUMIFS('Daily Summary(Airtel)'!$M$4:$M$1048576,'Daily Summary(Airtel)'!$B$4:$B$1048576,B43) -> 3883 | J43: =SUMIFS('Daily Summary(Airtel)'!$N$4:$N$1048576,'Daily Summary(Airtel)'!$B$4:$B$1048576,B43) -> 1297412.5 | K43: =SUMIFS('Daily Summary(Airtel)'!$O$4:$O$1048576,'Daily Summary(Airtel)'!$B$4:$B$1048576,B43) -> 3551 | L43: 535931.55 | M43: 535931.58 | N43: 535931.58 | O43: 535931.55
B44: Feb-2026 | D44: =5%*F44 -> 72005.45 | E44: =SUMIFS('Daily Summary(Airtel)'!$F$4:$F$1048576,'Daily Summary(Airtel)'!$B$4:$B$1048576,B44) -> 2991 | F44: =SUMIFS('Daily Summary(Airtel)'!$G$4:$G$1048576,'Daily Summary(Airtel)'!$B$4:$B$1048576,B44) -> 1440109 | G44: =SUMIFS('Daily Summary(Airtel)'!$H$4:$H$1048576,'Daily Summary(Airtel)'!$B$4:$B$1048576,B44) -> 2943 | H44: =F44/E44 -> 481.48078 | I44: =SUMIFS('Daily Summary(Airtel)'!$M$4:$M$1048576,'Daily Summary(Airtel)'!$B$4:$B$1048576,B44) -> 2827 | J44: =SUMIFS('Daily Summary(Airtel)'!$N$4:$N$1048576,'Daily Summary(Airtel)'!$B$4:$B$1048576,B44) -> 998535.87 | K44: =SUMIFS('Daily Summary(Airtel)'!$O$4:$O$1048576,'Daily Summary(Airtel)'!$B$4:$B$1048576,B44) -> 2552 | L44: 451822.29 | M44: 451822.29 | N44: 451822.29 | O44: 451822.29
B45: Mar-2026 | D45: =5%*F45 -> 72495.1 | E45: =SUMIFS('Daily Summary(Airtel)'!$F$4:$F$1048576,'Daily Summary(Airtel)'!$B$4:$B$1048576,B45) -> 2863 | F45: =SUMIFS('Daily Summary(Airtel)'!$G$4:$G$1048576,'Daily Summary(Airtel)'!$B$4:$B$1048576,B45) -> 1449902 | G45: =SUMIFS('Daily Summary(Airtel)'!$H$4:$H$1048576,'Daily Summary(Airtel)'!$B$4:$B$1048576,B45) -> 2846 | H45: =F45/E45 -> 506.42752 | I45: =SUMIFS('Daily Summary(Airtel)'!$M$4:$M$1048576,'Daily Summary(Airtel)'!$B$4:$B$1048576,B45) -> 2088 | J45: =SUMIFS('Daily Summary(Airtel)'!$N$4:$N$1048576,'Daily Summary(Airtel)'!$B$4:$B$1048576,B45) -> 739632.63 | K45: =SUMIFS('Daily Summary(Airtel)'!$O$4:$O$1048576,'Daily Summary(Airtel)'!$B$4:$B$1048576,B45) -> 1877 | L45: 165913.23 | M45: 707661.29 | N45: 707661.29 | O45: 165913.23
B46: TOTAL | C46: 1180338 | D46: =SUM(D5:D45) -> 34577388 | E46: =SUM(E5:E45) -> 1416450 | F46: =SUM(F5:F45) -> 6.9154776e+08 | G46: 1407852 | H46: =F46/E46 -> 488.22603 | I46: =SUM(I5:I45) -> 683601 | J46: =SUM(J5:J45) -> 2.1931003e+08 | K46: 209436 | L46: =SUM(L5:L45) -> 6.1674485e+08 | M46: =SUM(M5:M45) -> 6.1728662e+08 | N46: 375702.28

Sheet Monthly Summary (Telkom)
B2: Individuals
C3: OPT-Ins | D3: Mandatory Svgs | E3: DISBURSEMENTS | I3: REPAYMENTS | L3: PERFORMANCE
B4: ID_MNTH | C4: CUST_BASE | D4: TXN_VAL | E4: TXN_VOL | F4: TXN_VAL | G4: CUST_COUNT | H4: AV_TICKET_SIZE | I4: TXN_VOL | J4: TXN_VAL | K4: CUST_COUNT | L4: DUE | M4: OUTSTANDING
B5: Nov-2022 | C5: 11331 | D5: =5%*F5 -> 23282.05 | E5: =SUMIFS('Daily Summary(Telkom)'!$F$4:$F$1048576,'Daily Summary(Telkom)'!$B$4:$B$1048576,B5) -> 966 | F5: =SUMIFS('Daily Summary(Telkom)'!$G$4:$G$1048576,'Daily Summary(Telkom)'!$B$4:$B$1048576,B5) -> 465641 | G5: =SUMIFS('Daily Summary(Telkom)'!$H$4:$H$1048576,'Daily Summary(Telkom)'!$B$4:$B$1048576,B5) -> 956 | H5: =F5/E5 -> 482.03002 | I5: =SUMIFS('Daily Summary(Telkom)'!$M$4:$M$1048576,'Daily Summary(Telkom)'!$B$4:$B$1048576,B5) -> 326 | J5: =SUMIFS('Daily Summary(Telkom)'!$N$4:$N$1048576,'Daily Summary(Telkom)'!$B$4:$B$1048576,B5) -> 116514.92 | K5: =SUMIFS('Daily Summary(Telkom)'!$O$4:$O$1048576,'Daily Summary(Telkom)'!$B$4:$B$1048576,B5) -> 299 | L5: =SUMIFS('Daily Summary(Telkom)'!$S$4:$S$1048576,'Daily Summary(Telkom)'!$B$4:$B$1048576,B5) -> 462182.85 | M5: =SUMIFS('Daily Summary(Telkom)'!$J$4:$J$1048576,'Daily Summary(Telkom)'!$B$4:$B$1048576,B5) -> 462184.39
B6: Dec-2022 | C6: 128192 | D6: =5%*F6 -> 2141127.1 | E6: =SUMIFS('Daily Summary(Telkom)'!$F$4:$F$1048576,'Daily Summary(Telkom)'!$B$4:$B$1048576,B6) -> 86945 | F6: =SUMIFS('Daily Summary(Telkom)'!$G$4:$G$1048576,'Daily Summary(Telkom)'!$B$4:$B$1048576,B6) -> 42822542 | G6: =SUMIFS('Daily Summary(Telkom)'!$H$4:$H$1048576,'Daily Summary(Telkom)'!$B$4:$B$1048576,B6) -> 86526 | H6: =F6/E6 -> 492.5245 | I6: =SUMIFS('Daily Summary(Telkom)'!$M$4:$M$1048576,'Daily Summary(Telkom)'!$B$4:$B$1048576,B6) -> 8644 | J6: =SUMIFS('Daily Summary(Telkom)'!$N$4:$N$1048576,'Daily Summary(Telkom)'!$B$4:$B$1048576,B6) -> 3159515.4 | K6: =SUMIFS('Daily Summary(Telkom)'!$O$4:$O$1048576,'Daily Summary(Telkom)'!$B$4:$B$1048576,B6) -> 8028 | L6: =SUMIFS('Daily Summary(Telkom)'!$S$4:$S$1048576,'Daily Summary(Telkom)'!$B$4:$B$1048576,B6) -> 52276200 | M6: =SUMIFS('Daily Summary(Telkom)'!$J$4:$J$1048576,'Daily Summary(Telkom)'!$B$4:$B$1048576,B6) -> 52276200
B7: Jan-2023 | C7: 1504 | D7: =5%*F7 -> 93495.675 | E7: =SUMIFS('Daily Summary(Telkom)'!$F$4:$F$1048576,'Daily Summary(Telkom)'!$B$4:$B$1048576,B7) -> 3951 | F7: =SUMIFS('Daily Summary(Telkom)'!$G$4:$G$1048576,'Daily Summary(Telkom)'!$B$4:$B$1048576,B7) -> 1869913.5 | G7: =SUMIFS('Daily Summary(Telkom)'!$H$4:$H$1048576,'Daily Summary(Telkom)'!$B$4:$B$1048576,B7) -> 3899 | H7: =F7/E7 -> 473.27601 | I7: =SUMIFS('Daily Summary(Telkom)'!$M$4:$M$1048576,'Daily Summary(Telkom)'!$B$4:$B$1048576,B7) -> 1841 | J7: =SUMIFS('Daily Summary(Telkom)'!$N$4:$N$1048576,'Daily Summary(Telkom)'!$B$4:$B$1048576,B7) -> 729981.32 | K7: =SUMIFS('Daily Summary(Telkom)'!$O$4:$O$1048576,'Daily Summary(Telkom)'!$B$4:$B$1048576,B7) -> 1734 | L7: =SUMIFS('Daily Summary(Telkom)'!$S$4:$S$1048576,'Daily Summary(Telkom)'!$B$4:$B$1048576,B7) -> 1508638.4 | M7: =SUMIFS('Daily Summary(Telkom)'!$J$4:$J$1048576,'Daily Summary(Telkom)'!$B$4:$B$1048576,B7) -> 1508638.4
B8: Feb-2023 | C8: 1161 | D8: =5%*F8 -> 81393.339 | E8: =SUMIFS('Daily Summary(Telkom)'!$F$4:$F$1048576,'Daily Summary(Telkom)'!$B$4:$B$1048576,B8) -> 3241 | F8: =SUMIFS('Daily Summary(Telkom)'!$G$4:$G$1048576,'Daily Summary(Telkom)'!$B$4:$B$1048576,B8) -> 1627866.8 | G8: =SUMIFS('Daily Summary(Telkom)'!$H$4:$H$1048576,'Daily Summary(Telkom)'!$B$4:$B$1048576,B8) -> 3203 | H8: =F8/E8 -> 502.273 | I8: =SUMIFS('Daily Summary(Telkom)'!$M$4:$M$1048576,'Daily Summary(Telkom)'!$B$4:$B$1048576,B8) -> 1896 | J8: =SUMIFS('Daily Summary(Telkom)'!$N$4:$N$1048576,'Daily Summary(Telkom)'!$B$4:$B$1048576,B8) -> 773134.04 | K8: =SUMIFS('Daily Summary(Telkom)'!$O$4:$O$1048576,'Daily Summary(Telkom)'!$B$4:$B$1048576,B8) -> 1735 | L8: =SUMIFS('Daily Summary(Telkom)'!$S$4:$S$1048576,'Daily Summary(Telkom)'!$B$4:$B$1048576,B8) -> 1124352.8 | M8: =SUMIFS('Daily Summary(Telkom)'!$J$4:$J$1048576,'Daily Summary(Telkom)'!$B$4:$B$1048576,B8) -> 1124352.8
B9: Mar-2023 | C9: 3828 | D9: =5%*F9 -> 112463.4 | E9: =SUMIFS('Daily Summary(Telkom)'!$F$4:$F$1048576,'Daily Summary(Telkom)'!$B$4:$B$1048576,B9) -> 4335 | F9: =SUMIFS('Daily Summary(Telkom)'!$G$4:$G$1048576,'Daily Summary(Telkom)'!$B$4:$B$1048576,B9) -> 2249268 | G9: =SUMIFS('Daily Summary(Telkom)'!$H$4:$H$1048576,'Daily Summary(Telkom)'!$B$4:$B$1048576,B9) -> 4305 | H9: =F9/E9 -> 518.86228 | I9: =SUMIFS('Daily Summary(Telkom)'!$M$4:$M$1048576,'Daily Summary(Telkom)'!$B$4:$B$1048576,B9) -> 2257 | J9: =SUMIFS('Daily Summary(Telkom)'!$N$4:$N$1048576,'Daily Summary(Telkom)'!$B$4:$B$1048576,B9) -> 864262.48 | K9: =SUMIFS('Daily Summary(Telkom)'!$O$4:$O$1048576,'Daily Summary(Telkom)'!$B$4:$B$1048576,B9) -> 2059 | L9: =SUMIFS('Daily Summary(Telkom)'!$S$4:$S$1048576,'Daily Summary(Telkom)'!$B$4:$B$1048576,B9) -> 1809800.2 | M9: =SUMIFS('Daily Summary(Telkom)'!$J$4:$J$1048576,'Daily Summary(Telkom)'!$B$4:$B$1048576,B9) -> 1809801.4
B10: Apr-2023 | C10: 1710 | D10: =5%*F10 -> 71652.75 | E10: =SUMIFS('Daily Summary(Telkom)'!$F$4:$F$1048576,'Daily Summary(Telkom)'!$B$4:$B$1048576,B10) -> 2750 | F10: =SUMIFS('Daily Summary(Telkom)'!$G$4:$G$1048576,'Daily Summary(Telkom)'!$B$4:$B$1048576,B10) -> 1433055 | G10: =SUMIFS('Daily Summary(Telkom)'!$H$4:$H$1048576,'Daily Summary(Telkom)'!$B$4:$B$1048576,B10) -> 2744 | H10: =F10/E10 -> 521.11091 | I10: =SUMIFS('Daily Summary(Telkom)'!$M$4:$M$1048576,'Daily Summary(Telkom)'!$B$4:$B$1048576,B10) -> 1420 | J10: =SUMIFS('Daily Summary(Telkom)'!$N$4:$N$1048576,'Daily Summary(Telkom)'!$B$4:$B$1048576,B10) -> 573488.16 | K10: =SUMIFS('Daily Summary(Telkom)'!$O$4:$O$1048576,'Daily Summary(Telkom)'!$B$4:$B$1048576,B10) -> 1295 | L10: =SUMIFS('Daily Summary(Telkom)'!$S$4:$S$1048576,'Daily Summary(Telkom)'!$B$4:$B$1048576,B10) -> 1114705.7 | M10: =SUMIFS('Daily Summary(Telkom)'!$J$4:$J$1048576,'Daily Summary(Telkom)'!$B$4:$B$1048576,B10) -> 1114705.8
B11: May-2023 | C11: 862 | D11: =5%*F11 -> 51225.7 | E11: =SUMIFS('Daily Summary(Telkom)'!$F$4:$F$1048576,'Daily Summary(Telkom)'!$B$4:$B$1048576,B11) -> 1907 | F11: =SUMIFS('Daily Summary(Telkom)'!$G$4:$G$1048576,'Daily Summary(Telkom)'!$B$4:$B$1048576,B11) -> 1024514 | G11: =SUMIFS('Daily Summary(Telkom)'!$H$4:$H$1048576,'Daily Summary(Telkom)'!$B$4:$B$1048576,B11) -> 1904 | H11: =F11/E11 -> 537.23859 | I11: =SUMIFS('Daily Summary(Telkom)'!$M$4:$M$1048576,'Daily Summary(Telkom)'!$B$4:$B$1048576,B11) -> 1121 | J11: =SUMIFS('Daily Summary(Telkom)'!$N$4:$N$1048576,'Daily Summary(Telkom)'!$B$4:$B$1048576,B11) -> 478666.68 | K11: =SUMIFS('Daily Summary(Telkom)'!$O$4:$O$1048576,'Daily Summary(Telkom)'!$B$4:$B$1048576,B11) -> 1036 | L11: =SUMIFS('Daily Summary(Telkom)'!$S$4:$S$1048576,'Daily Summary(Telkom)'!$B$4:$B$1048576,B11) -> 704049.81 | M11: =SUMIFS('Daily Summary(Telkom)'!$J$4:$J$1048576,'Daily Summary(Telkom)'!$B$4:$B$1048576,B11) -> 704049.81
B12: Jun-2023 | C12: 1182 | D12: =5%*F12 -> 48002.4 | E12: =SUMIFS('Daily Summary(Telkom)'!$F$4:$F$1048576,'Daily Summary(Telkom)'!$B$4:$B$1048576,B12) -> 1820 | F12: =SUMIFS('Daily Summary(Telkom)'!$G$4:$G$1048576,'Daily Summary(Telkom)'!$B$4:$B$1048576,B12) -> 960048 | G12: =SUMIFS('Daily Summary(Telkom)'!$H$4:$H$1048576,'Daily Summary(Telkom)'!$B$4:$B$1048576,B12) -> 1819 | H12: =F12/E12 -> 527.4989 | I12: =SUMIFS('Daily Summary(Telkom)'!$M$4:$M$1048576,'Daily Summary(Telkom)'!$B$4:$B$1048576,B12) -> 1051 | J12: =SUMIFS('Daily Summary(Telkom)'!$N$4:$N$1048576,'Daily Summary(Telkom)'!$B$4:$B$1048576,B12) -> 429820.11 | K12: =SUMIFS('Daily Summary(Telkom)'!$O$4:$O$1048576,'Daily Summary(Telkom)'!$B$4:$B$1048576,B12) -> 980 | L12: =SUMIFS('Daily Summary(Telkom)'!$S$4:$S$1048576,'Daily Summary(Telkom)'!$B$4:$B$1048576,B12) -> 681872.53 | M12: =SUMIFS('Daily Summary(Telkom)'!$J$4:$J$1048576,'Daily Summary(Telkom)'!$B$4:$B$1048576,B12) -> 681872.53
B13: Jul-2023 | C13: 457 | D13: =5%*F13 -> 26453.1 | E13: =SUMIFS('Daily Summary(Telkom)'!$F$4:$F$1048576,'Daily Summary(Telkom)'!$B$4:$B$1048576,B13) -> 966 | F13: =SUMIFS('Daily Summary(Telkom)'!$G$4:$G$1048576,'Daily Summary(Telkom)'!$B$4:$B$1048576,B13) -> 529062 | G13: =SUMIFS('Daily Summary(Telkom)'!$H$4:$H$1048576,'Daily Summary(Telkom)'!$B$4:$B$1048576,B13) -> 964 | H13: =F13/E13 -> 547.68323 | I13: =SUMIFS('Daily Summary(Telkom)'!$M$4:$M$1048576,'Daily Summary(Telkom)'!$B$4:$B$1048576,B13) -> 668 | J13: =SUMIFS('Daily Summary(Telkom)'!$N$4:$N$1048576,'Daily Summary(Telkom)'!$B$4:$B$1048576,B13) -> 296085.46 | K13: =SUMIFS('Daily Summary(Telkom)'!$O$4:$O$1048576,'Daily Summary(Telkom)'!$B$4:$B$1048576,B13) -> 631 | L13: =SUMIFS('Daily Summary(Telkom)'!$S$4:$S$1048576,'Daily Summary(Telkom)'!$B$4:$B$1048576,B13) -> 297447.21 | M13: =SUMIFS('Daily Summary(Telkom)'!$J$4:$J$1048576,'Daily Summary(Telkom)'!$B$4:$B$1048576,B13) -> 297447.21
B14: Aug-2023 | C14: 464 | D14: =5%*F14 -> 23755.85 | E14: =SUMIFS('Daily Summary(Telkom)'!$F$4:$F$1048576,'Daily Summary(Telkom)'!$B$4:$B$1048576,B14) -> 879 | F14: =SUMIFS('Daily Summary(Telkom)'!$G$4:$G$1048576,'Daily Summary(Telkom)'!$B$4:$B$1048576,B14) -> 475117 | G14: =SUMIFS('Daily Summary(Telkom)'!$H$4:$H$1048576,'Daily Summary(Telkom)'!$B$4:$B$1048576,B14) -> 871 | H14: =F14/E14 -> 540.51991 | I14: =SUMIFS('Daily Summary(Telkom)'!$M$4:$M$1048576,'Daily Summary(Telkom)'!$B$4:$B$1048576,B14) -> 535 | J14: =SUMIFS('Daily Summary(Telkom)'!$N$4:$N$1048576,'Daily Summary(Telkom)'!$B$4:$B$1048576,B14) -> 240428.76 | K14: =SUMIFS('Daily Summary(Telkom)'!$O$4:$O$1048576,'Daily Summary(Telkom)'!$B$4:$B$1048576,B14) -> 496 | L14: =SUMIFS('Daily Summary(Telkom)'!$S$4:$S$1048576,'Daily Summary(Telkom)'!$B$4:$B$1048576,B14) -> 297083.66 | M14: =SUMIFS('Daily Summary(Telkom)'!$J$4:$J$1048576,'Daily Summary(Telkom)'!$B$4:$B$1048576,B14) -> 297083.66
B15: Sept-2023 | C15: 457 | D15: =5%*F15 -> 20896.95 | E15: =SUMIFS('Daily Summary(Telkom)'!$F$4:$F$1048576,'Daily Summary(Telkom)'!$B$4:$B$1048576,B15) -> 772 | F15: =SUMIFS('Daily Summary(Telkom)'!$G$4:$G$1048576,'Daily Summary(Telkom)'!$B$4:$B$1048576,B15) -> 417939 | G15: =SUMIFS('Daily Summary(Telkom)'!$H$4:$H$1048576,'Daily Summary(Telkom)'!$B$4:$B$1048576,B15) -> 769 | H15: =F15/E15 -> 541.37176 | I15: =SUMIFS('Daily Summary(Telkom)'!$M$4:$M$1048576,'Daily Summary(Telkom)'!$B$4:$B$1048576,B15) -> 484 | J15: =SUMIFS('Daily Summary(Telkom)'!$N$4:$N$1048576,'Daily Summary(Telkom)'!$B$4:$B$1048576,B15) -> 225778.86 | K15: =SUMIFS('Daily Summary(Telkom)'!$O$4:$O$1048576,'Daily Summary(Telkom)'!$B$4:$B$1048576,B15) -> 462 | L15: =SUMIFS('Daily Summary(Telkom)'!$S$4:$S$1048576,'Daily Summary(Telkom)'!$B$4:$B$1048576,B15) -> 242188.65 | M15: =SUMIFS('Daily Summary(Telkom)'!$J$4:$J$1048576,'Daily Summary(Telkom)'!$B$4:$B$1048576,B15) -> 242188.65
B16: Oct-2023 | C16: 445 | D16: =5%*F16 -> 20111.25 | E16: =SUMIFS('Daily Summary(Telkom)'!$F$4:$F$1048576,'Daily Summary(Telkom)'!$B$4:$B$1048576,B16) -> 741 | F16: =SUMIFS('Daily Summary(Telkom)'!$G$4:$G$1048576,'Daily Summary(Telkom)'!$B$4:$B$1048576,B16) -> 402225 | G16: =SUMIFS('Daily Summary(Telkom)'!$H$4:$H$1048576,'Daily Summary(Telkom)'!$B$4:$B$1048576,B16) -> 741 | H16: =F16/E16 -> 542.81377 | I16: =SUMIFS('Daily Summary(Telkom)'!$M$4:$M$1048576,'Daily Summary(Telkom)'!$B$4:$B$1048576,B16) -> 448 | J16: =SUMIFS('Daily Summary(Telkom)'!$N$4:$N$1048576,'Daily Summary(Telkom)'!$B$4:$B$1048576,B16) -> 213313.53 | K16: =SUMIFS('Daily Summary(Telkom)'!$O$4:$O$1048576,'Daily Summary(Telkom)'!$B$4:$B$1048576,B16) -> 429 | L16: =SUMIFS('Daily Summary(Telkom)'!$S$4:$S$1048576,'Daily Summary(Telkom)'!$B$4:$B$1048576,B16) -> 236019.14 | M16: =SUMIFS('Daily Summary(Telkom)'!$J$4:$J$1048576,'Daily Summary(Telkom)'!$B$4:$B$1048576,B16) -> 236019.14
... B31: Jan-2025 | C31: 267 | D31: =5%*F31 -> 15399.3 | E31: =SUMIFS('Daily Summary(Telkom)'!$F$4:$F$1048576,'Daily Summary(Telkom)'!$B$4:$B$1048576,B31) -> 526 | F31: =SUMIFS('Daily Summary(Telkom)'!$G$4:$G$1048576,'Daily Summary(Telkom)'!$B$4:$B$1048576,B31) -> 307986 | G31: =SUMIFS('Daily Summary(Telkom)'!$H$4:$H$1048576,'Daily Summary(Telkom)'!$B$4:$B$1048576,B31) -> 522 | H31: =F31/E31 -> 585.52471 | I31: =SUMIFS('Daily Summary(Telkom)'!$M$4:$M$1048576,'Daily Summary(Telkom)'!$B$4:$B$1048576,B31) -> 417 | J31: =SUMIFS('Daily Summary(Telkom)'!$N$4:$N$1048576,'Daily Summary(Telkom)'!$B$4:$B$1048576,B31) -> 215964.96 | K31: =SUMIFS('Daily Summary(Telkom)'!$O$4:$O$1048576,'Daily Summary(Telkom)'!$B$4:$B$1048576,B31) -> 378 | L31: =SUMIFS('Daily Summary(Telkom)'!$S$4:$S$1048576,'Daily Summary(Telkom)'!$B$4:$B$1048576,B31) -> 104659.36 | M31: =SUMIFS('Daily Summary(Telkom)'!$J$4:$J$1048576,'Daily Summary(Telkom)'!$B$4:$B$1048576,B31) -> 104659.36
B32: Feb-2025 | C32: 135 | D32: =5%*F32 -> 12466.7 | E32: =SUMIFS('Daily Summary(Telkom)'!$F$4:$F$1048576,'Daily Summary(Telkom)'!$B$4:$B$1048576,B32) -> 391 | F32: =SUMIFS('Daily Summary(Telkom)'!$G$4:$G$1048576,'Daily Summary(Telkom)'!$B$4:$B$1048576,B32) -> 249334 | G32: =SUMIFS('Daily Summary(Telkom)'!$H$4:$H$1048576,'Daily Summary(Telkom)'!$B$4:$B$1048576,B32) -> 389 | H32: =F32/E32 -> 637.68286 | I32: 336 | J32: 190172.71 | K32: 197 | L32: =SUMIFS('Daily Summary(Telkom)'!$S$4:$S$1048576,'Daily Summary(Telkom)'!$B$4:$B$1048576,B32) -> 66564.25 | M32: =SUMIFS('Daily Summary(Telkom)'!$J$4:$J$1048576,'Daily Summary(Telkom)'!$B$4:$B$1048576,B32) -> 66564.25
B33: Mar-2025 | C33: 183 | D33: =5%*F33 -> 12111.05 | E33: =SUMIFS('Daily Summary(Telkom)'!$F$4:$F$1048576,'Daily Summary(Telkom)'!$B$4:$B$1048576,B33) -> 405 | F33: =SUMIFS('Daily Summary(Telkom)'!$G$4:$G$1048576,'Daily Summary(Telkom)'!$B$4:$B$1048576,B33) -> 242221 | G33: =SUMIFS('Daily Summary(Telkom)'!$H$4:$H$1048576,'Daily Summary(Telkom)'!$B$4:$B$1048576,B33) -> 404 | H33: =F33/E33 -> 598.07654 | I33: 343 | J33: 179167.46 | K33: 167 | L33: =SUMIFS('Daily Summary(Telkom)'!$S$4:$S$1048576,'Daily Summary(Telkom)'!$B$4:$B$1048576,B33) -> 70410.32 | M33: =SUMIFS('Daily Summary(Telkom)'!$J$4:$J$1048576,'Daily Summary(Telkom)'!$B$4:$B$1048576,B33) -> 70410.32
B34: Apr-2025 | C34: 95 | D34: =5%*F34 -> 11238.8 | E34: =SUMIFS('Daily Summary(Telkom)'!$F$4:$F$1048576,'Daily Summary(Telkom)'!$B$4:$B$1048576,B34) -> 366 | F34: =SUMIFS('Daily Summary(Telkom)'!$G$4:$G$1048576,'Daily Summary(Telkom)'!$B$4:$B$1048576,B34) -> 224776 | G34: =SUMIFS('Daily Summary(Telkom)'!$H$4:$H$1048576,'Daily Summary(Telkom)'!$B$4:$B$1048576,B34) -> 363 | H34: =F34/E34 -> 614.14208 | I34: 390 | J34: 188884.06 | K34: 179 | L34: =SUMIFS('Daily Summary(Telkom)'!$S$4:$S$1048576,'Daily Summary(Telkom)'!$B$4:$B$1048576,B34) -> 40400.64 | M34: =SUMIFS('Daily Summary(Telkom)'!$J$4:$J$1048576,'Daily Summary(Telkom)'!$B$4:$B$1048576,B34) -> 40400.64
B35: May-2025 | C35: 110 | D35: =5%*F35 -> 11164.35 | E35: =SUMIFS('Daily Summary(Telkom)'!$F$4:$F$1048576,'Daily Summary(Telkom)'!$B$4:$B$1048576,B35) -> 336 | F35: =SUMIFS('Daily Summary(Telkom)'!$G$4:$G$1048576,'Daily Summary(Telkom)'!$B$4:$B$1048576,B35) -> 223287 | G35: =SUMIFS('Daily Summary(Telkom)'!$H$4:$H$1048576,'Daily Summary(Telkom)'!$B$4:$B$1048576,B35) -> 335 | H35: =F35/E35 -> 664.54464 | I35: 354 | J35: 183507.88 | K35: 161 | L35: =SUMIFS('Daily Summary(Telkom)'!$S$4:$S$1048576,'Daily Summary(Telkom)'!$B$4:$B$1048576,B35) -> 43168.75 | M35: =SUMIFS('Daily Summary(Telkom)'!$J$4:$J$1048576,'Daily Summary(Telkom)'!$B$4:$B$1048576,B35) -> 43168.75
B36: Jun-2025 | C36: 89 | D36: =5%*F36 -> 10399.9 | E36: =SUMIFS('Daily Summary(Telkom)'!$F$4:$F$1048576,'Daily Summary(Telkom)'!$B$4:$B$1048576,B36) -> 331 | F36: =SUMIFS('Daily Summary(Telkom)'!$G$4:$G$1048576,'Daily Summary(Telkom)'!$B$4:$B$1048576,B36) -> 207998 | G36: =SUMIFS('Daily Summary(Telkom)'!$H$4:$H$1048576,'Daily Summary(Telkom)'!$B$4:$B$1048576,B36) -> 284 | H36: =F36/E36 -> 628.39275 | I36: 337 | J36: 175561.02 | K36: 129 | L36: =SUMIFS('Daily Summary(Telkom)'!$S$4:$S$1048576,'Daily Summary(Telkom)'!$B$4:$B$1048576,B36) -> 35874.92 | M36: =SUMIFS('Daily Summary(Telkom)'!$J$4:$J$1048576,'Daily Summary(Telkom)'!$B$4:$B$1048576,B36) -> 35874.92
B37: Jul-2025 | C37: 24 | D37: =5%*F37 -> 5608.6 | E37: =SUMIFS('Daily Summary(Telkom)'!$F$4:$F$1048576,'Daily Summary(Telkom)'!$B$4:$B$1048576,B37) -> 152 | F37: =SUMIFS('Daily Summary(Telkom)'!$G$4:$G$1048576,'Daily Summary(Telkom)'!$B$4:$B$1048576,B37) -> 112172 | G37: =SUMIFS('Daily Summary(Telkom)'!$H$4:$H$1048576,'Daily Summary(Telkom)'!$B$4:$B$1048576,B37) -> 152 | H37: =F37/E37 -> 737.97368 | I37: 204 | J37: 101549.42 | K37: 96 | L37: =SUMIFS('Daily Summary(Telkom)'!$S$4:$S$1048576,'Daily Summary(Telkom)'!$B$4:$B$1048576,B37) -> 11879.65 | M37: =SUMIFS('Daily Summary(Telkom)'!$J$4:$J$1048576,'Daily Summary(Telkom)'!$B$4:$B$1048576,B37) -> 11879.65
B38: Aug-2025 | C38: 51 | D38: =5%*F38 -> 9128.3 | E38: =SUMIFS('Daily Summary(Telkom)'!$F$4:$F$1048576,'Daily Summary(Telkom)'!$B$4:$B$1048576,B38) -> 257 | F38: =SUMIFS('Daily Summary(Telkom)'!$G$4:$G$1048576,'Daily Summary(Telkom)'!$B$4:$B$1048576,B38) -> 182566 | G38: =SUMIFS('Daily Summary(Telkom)'!$H$4:$H$1048576,'Daily Summary(Telkom)'!$B$4:$B$1048576,B38) -> 252 | H38: =F38/E38 -> 710.37354 | I38: 295 | J38: 145851.67 | K38: 128 | L38: =SUMIFS('Daily Summary(Telkom)'!$S$4:$S$1048576,'Daily Summary(Telkom)'!$B$4:$B$1048576,B38) -> 39069.57 | M38: =SUMIFS('Daily Summary(Telkom)'!$J$4:$J$1048576,'Daily Summary(Telkom)'!$B$4:$B$1048576,B38) -> 39069.57
B39: Sept-2025 | C39: 44 | D39: =5%*F39 -> 8778.65 | E39: =SUMIFS('Daily Summary(Telkom)'!$F$4:$F$1048576,'Daily Summary(Telkom)'!$B$4:$B$1048576,B39) -> 238 | F39: =SUMIFS('Daily Summary(Telkom)'!$G$4:$G$1048576,'Daily Summary(Telkom)'!$B$4:$B$1048576,B39) -> 175573 | G39: =SUMIFS('Daily Summary(Telkom)'!$H$4:$H$1048576,'Daily Summary(Telkom)'!$B$4:$B$1048576,B39) -> 234 | H39: =F39/E39 -> 737.70168 | I39: 306 | J39: 153423.75 | K39: 119 | L39: =SUMIFS('Daily Summary(Telkom)'!$S$4:$S$1048576,'Daily Summary(Telkom)'!$B$4:$B$1048576,B39) -> 24095.43 | M39: =SUMIFS('Daily Summary(Telkom)'!$J$4:$J$1048576,'Daily Summary(Telkom)'!$B$4:$B$1048576,B39) -> 24095.43
B40: Oct-2025 | C40: 33 | D40: =5%*F40 -> 4558.5 | E40: =SUMIFS('Daily Summary(Telkom)'!$F$4:$F$1048576,'Daily Summary(Telkom)'!$B$4:$B$1048576,B40) -> 130 | F40: =SUMIFS('Daily Summary(Telkom)'!$G$4:$G$1048576,'Daily Summary(Telkom)'!$B$4:$B$1048576,B40) -> 91170 | G40: =SUMIFS('Daily Summary(Telkom)'!$H$4:$H$1048576,'Daily Summary(Telkom)'!$B$4:$B$1048576,B40) -> 126 | H40: =F40/E40 -> 701.30769 | I40: 142 | J40: 69466.64 | K40: 57 | L40: =SUMIFS('Daily Summary(Telkom)'!$S$4:$S$1048576,'Daily Summary(Telkom)'!$B$4:$B$1048576,B40) -> 18971.29 | M40: =SUMIFS('Daily Summary(Telkom)'!$J$4:$J$1048576,'Daily Summary(Telkom)'!$B$4:$B$1048576,B40) -> 18971.29
B41: Nov-2025 | C41: 13 | D41: =5%*F41 -> 2598 | E41: =SUMIFS('Daily Summary(Telkom)'!$F$4:$F$1048576,'Daily Summary(Telkom)'!$B$4:$B$1048576,B41) -> 80 | F41: =SUMIFS('Daily Summary(Telkom)'!$G$4:$G$1048576,'Daily Summary(Telkom)'!$B$4:$B$1048576,B41) -> 51960 | G41: =SUMIFS('Daily Summary(Telkom)'!$H$4:$H$1048576,'Daily Summary(Telkom)'!$B$4:$B$1048576,B41) -> 79 | H41: =F41/E41 -> 649.5 | I41: 64 | J41: 32194.3 | K41: 40 | L41: =SUMIFS('Daily Summary(Telkom)'!$S$4:$S$1048576,'Daily Summary(Telkom)'!$B$4:$B$1048576,B41) -> 15039.11 | M41: =SUMIFS('Daily Summary(Telkom)'!$J$4:$J$1048576,'Daily Summary(Telkom)'!$B$4:$B$1048576,B41) -> 15039.11
B42: Dec-2025 | C42: 8 | D42: =5%*F42 -> 1208 | E42: =SUMIFS('Daily Summary(Telkom)'!$F$4:$F$1048576,'Daily Summary(Telkom)'!$B$4:$B$1048576,B42) -> 34 | F42: =SUMIFS('Daily Summary(Telkom)'!$G$4:$G$1048576,'Daily Summary(Telkom)'!$B$4:$B$1048576,B42) -> 24160 | G42: =SUMIFS('Daily Summary(Telkom)'!$H$4:$H$1048576,'Daily Summary(Telkom)'!$B$4:$B$1048576,B42) -> 34 | H42: =F42/E42 -> 710.58824 | I42: 31 | J42: 13855.72 | K42: 19 | L42: =SUMIFS('Daily Summary(Telkom)'!$S$4:$S$1048576,'Daily Summary(Telkom)'!$B$4:$B$1048576,B42) -> 6404.18 | M42: =SUMIFS('Daily Summary(Telkom)'!$J$4:$J$1048576,'Daily Summary(Telkom)'!$B$4:$B$1048576,B42) -> 6404.18
B43: Jan-2026 | C43: 7 | D43: =5%*F43 -> 1850.5 | E43: =SUMIFS('Daily Summary(Telkom)'!$F$4:$F$1048576,'Daily Summary(Telkom)'!$B$4:$B$1048576,B43) -> 41 | F43: =SUMIFS('Daily Summary(Telkom)'!$G$4:$G$1048576,'Daily Summary(Telkom)'!$B$4:$B$1048576,B43) -> 37010 | G43: =SUMIFS('Daily Summary(Telkom)'!$H$4:$H$1048576,'Daily Summary(Telkom)'!$B$4:$B$1048576,B43) -> 41 | H43: =F43/E43 -> 902.68293 | I43: 31 | J43: 13855.72 | K43: 19 | L43: =SUMIFS('Daily Summary(Telkom)'!$S$4:$S$1048576,'Daily Summary(Telkom)'!$B$4:$B$1048576,B43) -> 14729.63 | M43: =SUMIFS('Daily Summary(Telkom)'!$J$4:$J$1048576,'Daily Summary(Telkom)'!$B$4:$B$1048576,B43) -> 14729.63
B44: Feb-2026 | C44: 26 | D44: =5%*F44 -> 2390.9 | E44: =SUMIFS('Daily Summary(Telkom)'!$F$4:$F$1048576,'Daily Summary(Telkom)'!$B$4:$B$1048576,B44) -> 88 | F44: =SUMIFS('Daily Summary(Telkom)'!$G$4:$G$1048576,'Daily Summary(Telkom)'!$B$4:$B$1048576,B44) -> 47818 | G44: =SUMIFS('Daily Summary(Telkom)'!$H$4:$H$1048576,'Daily Summary(Telkom)'!$B$4:$B$1048576,B44) -> 88 | H44: =F44/E44 -> 543.38636 | I44: 31 | J44: 13855.72 | K44: 19 | L44: =SUMIFS('Daily Summary(Telkom)'!$S$4:$S$1048576,'Daily Summary(Telkom)'!$B$4:$B$1048576,B44) -> 18591.24 | M44: =SUMIFS('Daily Summary(Telkom)'!$J$4:$J$1048576,'Daily Summary(Telkom)'!$B$4:$B$1048576,B44) -> 18591.24
B45: TOTAL | C45: 155493 | D45: =SUM(D5:D44) -> 3021325.6 | E45: =SUM(E5:E44) -> 118427 | F45: =SUM(F5:F44) -> 60426512 | G45: 117738 | H45: =F45/E45 -> 510.24269 | I45: =SUM(I5:I44) -> 28599 | J45: =SUM(J5:J44) -> 12672548 | K45: 8953 | L45: =SUM(L5:L44) -> 62555062 | M45: =SUM(M5:M44) -> 62555065

Sheet Daily Summary(Telkom)
A1: 46112
C2: LOAN TENURE | E2: Optins | F2: DISBURSEMENT | I2: OUTSTANDING LOANS | K2: REPAYMENT AT DAY LOAN DISBURSED | M2: REPAYMENTS | P2: INTEREST & PENALTY | R2: Mandatory Svgs | S2: OVERDUE
B3: ID_MNTH | C3: DT_INTN_DATE | D3: TENURE | E3: # Cust | F3: VOLUME | G3: VALUE | H3: SUB_COUNT | I3: VOLUME | J3: VALUE | K3: VOLUME | L3: VALUE | M3: VOLUME | N3: VALUE | O3: SUB_COUNT | P3: ACCRUED | Q3: PAID | R3: VALUE | S3: VALUE
B4: =TEXT(C4,"MMM-YYYY") -> Nov-2022 | C4: 44893 | D4: =$A$1-C4 -> 1219 | E4: 1 | R4: =G4*5% -> 0
B5: =TEXT(C5,"MMM-YYYY") -> Nov-2022 | C5: 44894 | D5: =$A$1-C5 -> 1218 | E5: 1 | F5: 2 | G5: 160 | H5: 1 | I5: 1 | J5: 209.15 | P5: 49.15 | Q5: 0 | R5: =G5*5% -> 8 | S5: 209.15
B6: =TEXT(C6,"MMM-YYYY") -> Nov-2022 | C6: 44895 | D6: =$A$1-C6 -> 1217 | E6: 11329 | F6: 964 | G6: 465481 | H6: 955 | I6: 924 | J6: 461975.24 | M6: 326 | N6: 116514.92 | O6: 299 | P6: 113007.73 | Q6: 1466.7 | R6: =G6*5% -> 23274.05 | S6: 461973.7
B7: =TEXT(C7,"MMM-YYYY") -> Dec-2022 | C7: 44896 | D7: =$A$1-C7 -> 1216 | E7: 23151 | F7: 7920 | G7: 3850692.3 | H7: 7845 | I7: 7667 | J7: 4151082.8 | M7: 1973 | N7: 711246.39 | O7: 1810 | P7: 1011636.6 | Q7: 9343.1 | R7: =G7*5% -> 192534.62 | S7: 4151082.5
B8: =TEXT(C8,"MMM-YYYY") -> Dec-2022 | C8: 44897 | D8: =$A$1-C8 -> 1215 | E8: 12462 | F8: 4280 | G8: 2048871 | H8: 4225 | I8: 4116 | J8: 2300852.7 | M8: 915 | N8: 308390.76 | O8: 848 | P8: 560372.47 | Q8: 5416.31 | R8: =G8*5% -> 102443.55 | S8: 2300852.7
B9: =TEXT(C9,"MMM-YYYY") -> Dec-2022 | C9: 44898 | D9: =$A$1-C9 -> 1214 | E9: 8477 | F9: 5495 | G9: 2692855 | H9: 5464 | I9: 5396 | J9: 3223282.1 | K9: 1 | L9: 470 | M9: 717 | N9: 250450.84 | O9: 663 | P9: 780877.9 | Q9: 3801.61 | R9: =G9*5% -> 134642.75 | S9: 3223282.1
B10: =TEXT(C10,"MMM-YYYY") -> Dec-2022 | C10: 44899 | D10: =$A$1-C10 -> 1213 | E10: 5834 | F10: 3950 | G10: 1922650 | H10: 3925 | I10: 3858 | J10: 2302449.2 | K10: 2 | L10: 485 | M10: 480 | N10: 177536.52 | O10: 454 | P10: 557335.73 | Q10: 2370.67 | R10: =G10*5% -> 96132.5 | S10: 2302449.2
B11: =TEXT(C11,"MMM-YYYY") -> Dec-2022 | C11: 44900 | D11: =$A$1-C11 -> 1212 | E11: 5621 | F11: 3465 | G11: 1688722 | H11: 3435 | I11: 3388 | J11: 1995587.2 | K11: 27 | L11: 8244.74 | M11: 529 | N11: 176526.66 | O11: 487 | P11: 483391.89 | Q11: 2870.43 | R11: =G11*5% -> 84436.1 | S11: 1995587.2
B12: =TEXT(C12,"MMM-YYYY") -> Dec-2022 | C12: 44901 | D12: =$A$1-C12 -> 1211 | E12: 4620 | F12: 3131 | G12: 1533780 | H12: 3115 | I12: 3082 | J12: 1845323.1 | K12: 18 | L12: 4952.69 | M12: 371 | N12: 134641.87 | O12: 347 | P12: 446184.94 | Q12: 2038.93 | R12: =G12*5% -> 76689 | S12: 1845323.1
B13: =TEXT(C13,"MMM-YYYY") -> Dec-2022 | C13: 44902 | D13: =$A$1-C13 -> 1210 | E13: 5554 | F13: 3445 | G13: 1682131 | H13: 3420 | I13: 3376 | J13: 2048559.8 | K13: 18 | L13: 4921.5 | M13: 355 | N13: 128598.89 | O13: 332 | P13: 495027.65 | Q13: 2209.63 | R13: =G13*5% -> 84106.55 | S13: 2048559.8
B14: =TEXT(C14,"MMM-YYYY") -> Dec-2022 | C14: 44903 | D14: =$A$1-C14 -> 1209 | E14: 5409 | F14: 4382 | G14: 2151140 | H14: 4362 | I14: 4318 | J14: 2692329.6 | K14: 21 | L14: 5414.89 | M14: 326 | N14: 107890.24 | O14: 296 | P14: 649079.83 | Q14: 1661.96 | R14: =G14*5% -> 107557 | S14: 2692329.6
B15: =TEXT(C15,"MMM-YYYY") -> Dec-2022 | C15: 44904 | D15: =$A$1-C15 -> 1208 | E15: 6080 | F15: 5225 | G15: 2594676 | H15: 5206 | I15: 5191 | J15: 3254965.8 | K15: 26 | L15: 8980.54 | M15: 316 | N15: 124371.26 | O15: 295 | P15: 784661.05 | Q15: 2634.74 | R15: =G15*5% -> 129733.8 | S15: 3254965.8
B16: =TEXT(C16,"MMM-YYYY") -> Dec-2022 | C16: 44905 | D16: =$A$1-C16 -> 1207 | E16: 6996 | F16: 6002 | G16: 2983103 | H16: 5987 | I16: 5973 | J16: 3813772.1 | K16: 17 | L16: 6466.15 | M16: 241 | N16: 86302.16 | O16: 218 | P16: 916971.31 | Q16: 1060.56 | R16: =G16*5% -> 149155.15 | S16: 3813772.1
B17: =TEXT(C17,"MMM-YYYY") -> Dec-2022 | C17: 44906 | D17: =$A$1-C17 -> 1206 | E17: 8052 | F17: 7138 | G17: 3550350 | H17: 7120 | I17: 7107 | J17: 4577054 | K17: 23 | L17: 8135.32 | M17: 186 | N17: 73066.31 | O17: 177 | P17: 1099770.3 | Q17: 1342.92 | R17: =G17*5% -> 177517.5 | S17: 4577054
B18: =TEXT(C18,"MMM-YYYY") -> Dec-2022 | C18: 44907 | D18: =$A$1-C18 -> 1205 | E18: 8533 | F18: 7388 | G18: 3672784 | H18: 7374 | I18: 7358 | J18: 4740705.1 | K18: 16 | L18: 5812.66 | M18: 177 | N18: 70020.65 | O18: 171 | P18: 1137941.8 | Q18: 860.71 | R18: =G18*5% -> 183639.2 | S18: 4740705.1
B19: =TEXT(C19,"MMM-YYYY") -> Dec-2022 | C19: 44908 | D19: =$A$1-C19 -> 1204 | E19: 8054 | F19: 6799 | G19: 3386535 | H19: 6788 | I19: 6779 | J19: 4341979.4 | K19: 17 | L19: 4124.81 | M19: 246 | N19: 87433.56 | O19: 225 | P19: 1042877.9 | Q19: 2364.59 | R19: =G19*5% -> 169326.75 | S19: 4341979.4
B20: =TEXT(C20,"MMM-YYYY") -> Dec-2022 | C20: 44909 | D20: =$A$1-C20 -> 1203 | E20: 10217 | F20: 8280 | G20: 4130675 | H20: 8271 | I20: 8268 | J20: 5315911.8 | K20: 14 | L20: 5302.88 | M20: 225 | N20: 90513.6 | O20: 215 | P20: 1275750.4 | Q20: 2523.02 | R20: =G20*5% -> 206533.75 | S20: 5315911.8
... B31: =TEXT(C31,"MMM-YYYY") -> Dec-2022 | C31: 44920 | D31: =$A$1-C31 -> 1192 | E31: 66 | F31: 142 | G31: 70550 | H31: 141 | I31: 141 | J31: 62127.3 | K31: 4 | L31: 1520.22 | M31: 66 | N31: 24135.6 | O31: 61 | P31: 15712.9 | Q31: 1082.06 | R31: =G31*5% -> 3527.5 | S31: 62127.3
B32: =TEXT(C32,"MMM-YYYY") -> Dec-2022 | C32: 44921 | D32: =$A$1-C32 -> 1191 | E32: 67 | F32: 160 | G32: 77835 | H32: 158 | I32: 156 | J32: 70736.8 | M32: 58 | N32: 24581.61 | O32: 54 | P32: 17483.41 | Q32: 730.58 | R32: =G32*5% -> 3891.75 | S32: 70736.8
B33: =TEXT(C33,"MMM-YYYY") -> Dec-2022 | C33: 44922 | D33: =$A$1-C33 -> 1190 | E33: 86 | F33: 185 | G33: 88400 | H33: 182 | I33: 178 | J33: 78588.03 | K33: 2 | L33: 880.11 | M33: 79 | N33: 29502.14 | O33: 69 | P33: 19690.17 | Q33: 1119.42 | R33: =G33*5% -> 4420 | S33: 78588.03
B34: =TEXT(C34,"MMM-YYYY") -> Dec-2022 | C34: 44923 | D34: =$A$1-C34 -> 1189 | E34: 76 | F34: 197 | G34: 94789 | H34: 197 | I34: 191 | J34: 75247.77 | K34: 3 | L34: 975.11 | M34: 95 | N34: 38110.62 | O34: 91 | P34: 18569.39 | Q34: 769.49 | R34: =G34*5% -> 4739.45 | S34: 75247.77
B35: =TEXT(C35,"MMM-YYYY") -> Dec-2022 | C35: 44924 | D35: =$A$1-C35 -> 1188 | E35: 84 | F35: 171 | G35: 83830 | H35: 171 | I35: 168 | J35: 78642.64 | K35: 4 | L35: 1450.11 | M35: 61 | N35: 24405.71 | O35: 55 | P35: 19218.35 | Q35: 667.54 | R35: =G35*5% -> 4191.5 | S35: 78642.64
B36: =TEXT(C36,"MMM-YYYY") -> Dec-2022 | C36: 44925 | D36: =$A$1-C36 -> 1187 | E36: 76 | F36: 183 | G36: 86625 | H36: 179 | I36: 173 | J36: 77756.07 | K36: 4 | L36: 1825.22 | M36: 66 | N36: 28165.93 | O36: 66 | P36: 19297 | Q36: 943.7 | R36: =G36*5% -> 4331.25 | S36: 77756.07
B37: =TEXT(C37,"MMM-YYYY") -> Dec-2022 | C37: 44926 | D37: =$A$1-C37 -> 1186 | E37: 72 | F37: 191 | G37: 90475 | H37: 188 | I37: 183 | J37: 69604.1 | K37: 10 | L37: 2512.22 | M37: 96 | N37: 38270.79 | O37: 85 | P37: 17399.89 | Q37: 965.36 | R37: =G37*5% -> 4523.75 | S37: 69604.1
B38: =TEXT(C38,"MMM-YYYY") -> Jan-2023 | C38: 44927 | D38: =$A$1-C38 -> 1185 | E38: 53 | F38: 99 | G38: 48997 | H38: 99 | I38: 97 | J38: 36277.04 | K38: 3 | L38: 1015.13 | M38: 50 | N38: 21706.47 | O38: 46 | P38: 8986.51 | Q38: 428.5 | R38: =G38*5% -> 2449.85 | S38: 36277.04
B39: =TEXT(C39,"MMM-YYYY") -> Jan-2023 | C39: 44928 | D39: =$A$1-C39 -> 1184 | E39: 32 | F39: 131 | G39: 63008 | H39: 130 | I39: 126 | J39: 49668.33 | M39: 59 | N39: 25866.39 | O39: 57 | P39: 12526.72 | Q39: 840.05 | R39: =G39*5% -> 3150.4 | S39: 49668.33
B40: =TEXT(C40,"MMM-YYYY") -> Jan-2023 | C40: 44929 | D40: =$A$1-C40 -> 1183 | E40: 65 | F40: 176 | G40: 83950 | H40: 173 | I40: 170 | J40: 70302.3 | M40: 69 | N40: 31089.62 | O40: 66 | P40: 17441.92 | Q40: 863.5 | R40: =G40*5% -> 4197.5 | S40: 70302.3
B41: =TEXT(C41,"MMM-YYYY") -> Jan-2023 | C41: 44930 | D41: =$A$1-C41 -> 1182 | E41: 78 | F41: 168 | G41: 80569 | H41: 167 | I41: 164 | J41: 74459.6 | M41: 60 | N41: 24062.13 | O41: 56 | P41: 17952.73 | Q41: 411.29 | R41: =G41*5% -> 4028.45 | S41: 74459.6
B42: =TEXT(C42,"MMM-YYYY") -> Jan-2023 | C42: 44931 | D42: =$A$1-C42 -> 1181 | E42: 63 | F42: 173 | G42: 82449 | H42: 170 | I42: 165 | J42: 61189.62 | M42: 93 | N42: 36358.71 | O42: 84 | P42: 15099.33 | Q42: 664.72 | R42: =G42*5% -> 4122.45 | S42: 61189.62
B43: =TEXT(C43,"MMM-YYYY") -> Jan-2023 | C43: 44932 | D43: =$A$1-C43 -> 1180 | E43: 55 | F43: 165 | G43: 81400 | H43: 164 | I43: 161 | J43: 62076.88 | K43: 2 | L43: 970.11 | M43: 85 | N43: 34712.68 | O43: 83 | P43: 15389.56 | Q43: 769.99 | R43: =G43*5% -> 4070 | S43: 62076.88
B44: =TEXT(C44,"MMM-YYYY") -> Jan-2023 | C44: 44933 | D44: =$A$1-C44 -> 1179 | E44: 52 | F44: 125 | G44: 61419 | H44: 125 | I44: 123 | J44: 50475.35 | K44: 1 | L44: 450 | M44: 55 | N44: 23475.22 | O44: 54 | P44: 12531.57 | Q44: 658 | R44: =G44*5% -> 3070.95 | S44: 50475.35
B45: =TEXT(C45,"MMM-YYYY") -> Jan-2023 | C45: 44934 | D45: =$A$1-C45 -> 1178 | E45: 41 | F45: 103 | G45: 47599 | H45: 102 | I45: 96 | J45: 40636.53 | K45: 1 | L45: 500.11 | M45: 44 | N45: 16816.53 | O45: 41 | P45: 9854.06 | Q45: 302.97 | R45: =G45*5% -> 2379.95 | S45: 40636.53
B46: =TEXT(C46,"MMM-YYYY") -> Jan-2023 | C46: 44935 | D46: =$A$1-C46 -> 1177 | E46: 55 | F46: 148 | G46: 71917 | H46: 146 | I46: 143 | J46: 61162.7 | K46: 4 | L46: 1375.11 | M46: 67 | N46: 25740.63 | O46: 63 | P46: 14986.33 | Q46: 654.03 | R46: =G46*5% -> 3595.85 | S46: 61162.7
B47: =TEXT(C47,"MMM-YYYY") -> Jan-2023 | C47: 44936 | D47: =$A$1-C47 -> 1176 | E47: 55 | F47: 137 | G47: 65274.5 | H47: 137 | I47: 133 | J47: 51472.38 | K47: 2 | L47: 340.55 | M47: 61 | N47: 26393.56 | O47: 61 | P47: 12591.44 | Q47: 481.82 | R47: =G47*5% -> 3263.725 | S47: 51472.38
B48: =TEXT(C48,"MMM-YYYY") -> Jan-2023 | C48: 44937 | D48: =$A$1-C48 -> 1175 | E48: 46 | F48: 123 | G48: 59369 | H48: 122 | I48: 119 | J48: 47333.28 | M48: 52 | N48: 23444.32 | O48: 49 | P48: 11408.6 | Q48: 288.94 | R48: =G48*5% -> 2968.45 | S48: 47333.28
B49: =TEXT(C49,"MMM-YYYY") -> Jan-2023 | C49: 44938 | D49: =$A$1-C49 -> 1174 | E49: 53 | F49: 149 | G49: 69404 | H49: 148 | I49: 143 | J49: 63649.82 | K49: 2 | L49: 970.11 | M49: 58 | N49: 21124.79 | O49: 56 | P49: 15370.61 | Q49: 429.53 | R49: =G49*5% -> 3470.2 | S49: 63649.82
B50: =TEXT(C50,"MMM-YYYY") -> Jan-2023 | C50: 44939 | D50: =$A$1-C50 -> 1173 | E50: 48 | F50: 165 | G50: 76000 | H50: 162 | I50: 153 | J50: 59472.42 | K50: 3 | L50: 950 | M50: 76 | N50: 31166.35 | O50: 73 | P50: 14638.77 | Q50: 726.92 | R50: =G50*5% -> 3800 | S50: 59472.42
B51: =TEXT(C51,"MMM-YYYY") -> Jan-2023 | C51: 44940 | D51: =$A$1-C51 -> 1172 | E51: 49 | F51: 133 | G51: 64450 | H51: 132 | I51: 128 | J51: 41789.52 | K51: 1 | L51: 470 | M51: 79 | N51: 33043.24 | O51: 74 | P51: 10382.76 | Q51: 610.9 | R51: =G51*5% -> 3222.5 | S51: 41789.52
B52: =TEXT(C52,"MMM-YYYY") -> Jan-2023 | C52: 44941 | D52: =$A$1-C52 -> 1171 | E52: 47 | F52: 124 | G52: 58370 | H52: 124 | I52: 116 | J52: 39274.51 | K52: 3 | L52: 1250 | M52: 76 | N52: 29216.52 | O52: 70 | P52: 10121.03 | Q52: 1000.91 | R52: =G52*5% -> 2918.5 | S52: 39274.51
B53: =TEXT(C53,"MMM-YYYY") -> Jan-2023 | C53: 44942 | D53: =$A$1-C53 -> 1170 | E53: 46 | F53: 104 | G53: 50979 | H53: 102 | I53: 102 | J53: 39030.71 | K53: 3 | L53: 790.11 | M53: 52 | N53: 21538.63 | O53: 50 | P53: 9590.34 | Q53: 482.38 | R53: =G53*5% -> 2548.95 | S53: 39030.71
B54: =TEXT(C54,"MMM-YYYY") -> Jan-2023 | C54: 44943 | D54: =$A$1-C54 -> 1169 | E54: 54 | F54: 134 | G54: 62825 | H54: 130 | I54: 126 | J54: 53597.39 | M54: 54 | N54: 22224.48 | O54: 51 | P54: 12996.87 | Q54: 472.95 | R54: =G54*5% -> 3141.25 | S54: 53597.39
B55: =TEXT(C55,"MMM-YYYY") -> Jan-2023 | C55: 44944 | D55: =$A$1-C55 -> 1168 | E55: 61 | F55: 141 | G55: 59940 | H55: 135 | I55: 119 | J55: 44272.45 | K55: 9 | L55: 2077.11 | M55: 75 | N55: 26543.42 | O55: 70 | P55: 10875.87 | Q55: 544.79 | R55: =G55*5% -> 2997 | S55: 44272.45
B56: =TEXT(C56,"MMM-YYYY") -> Jan-2023 | C56: 44945 | D56: =$A$1-C56 -> 1167 | E56: 64 | F56: 135 | G56: 62443 | H56: 134 | I56: 127 | J56: 58221.17 | K56: 1 | L56: 100.02 | M56: 46 | N56: 18140.67 | O56: 46 | P56: 13918.84 | Q56: 313.52 | R56: =G56*5% -> 3122.15 | S56: 58221.17
B57: =TEXT(C57,"MMM-YYYY") -> Jan-2023 | C57: 44946 | D57: =$A$1-C57 -> 1166 | E57: 36 | F57: 120 | G57: 53950 | H57: 118 | I57: 108 | J57: 43535.18 | K57: 6 | L57: 1430.21 | M57: 53 | N57: 20948.99 | O57: 48 | P57: 10534.17 | Q57: 379.41 | R57: =G57*5% -> 2697.5 | S57: 43535.18
B58: =TEXT(C58,"MMM-YYYY") -> Jan-2023 | C58: 44947 | D58: =$A$1-C58 -> 1165 | E58: 49 | F58: 115 | G58: 54890 | H58: 115 | I58: 111 | J58: 44299.45 | K58: 2 | L58: 975.11 | M58: 55 | N58: 21265.1 | O58: 50 | P58: 10674.55 | Q58: 346.27 | R58: =G58*5% -> 2744.5 | S58: 44299.45
B59: =TEXT(C59,"MMM-YYYY") -> Jan-2023 | C59: 44948 | D59: =$A$1-C59 -> 1164 | E59: 41 | F59: 109 | G59: 53370 | H59: 109 | I59: 108 | J59: 41010.35 | K59: 4 | L59: 533 | M59: 58 | N59: 22405.64 | O59: 55 | P59: 10045.99 | Q59: 528.94 | R59: =G59*5% -> 2668.5 | S59: 41010.35
B60: =TEXT(C60,"MMM-YYYY") -> Jan-2023 | C60: 44949 | D60: =$A$1-C60 -> 1163 | E60: 54 | F60: 120 | G60: 55060 | H60: 118 | I60: 108 | J60: 49225.38 | K60: 2 | L60: 735 | M60: 54 | N60: 17740.56 | O60: 49 | P60: 11905.94 | Q60: 503.86 | R60: =G60*5% -> 2753 | S60: 49225.38
B61: =TEXT(C61,"MMM-YYYY") -> Jan-2023 | C61: 44950 | D61: =$A$1-C61 -> 1162 | E61: 34 | F61: 112 | G61: 53069 | H61: 108 | I61: 106 | J61: 41388.16 | K61: 6 | L61: 2200.04 | M61: 58 | N61: 21724.85 | O61: 53 | P61: 10044.01 | Q61: 420.6 | R61: =G61*5% -> 2653.45 | S61: 41388.16
B62: =TEXT(C62,"MMM-YYYY") -> Jan-2023 | C62: 44951 | D62: =$A$1-C62 -> 1161 | E62: 33 | F62: 100 | G62: 47420 | H62: 97 | I62: 97 | J62: 38066.51 | K62: 1 | L62: 400 | M62: 48 | N62: 18658.97 | O62: 46 | P62: 9305.48 | Q62: 472.79 | R62: =G62*5% -> 2371 | S62: 38066.51
B63: =TEXT(C63,"MMM-YYYY") -> Jan-2023 | C63: 44952 | D63: =$A$1-C63 -> 1160 | E63: 32 | F63: 131 | G63: 59780 | H63: 130 | I63: 118 | J63: 44251.36 | K63: 2 | L63: 925 | M63: 72 | N63: 26370.05 | O63: 68 | P63: 10841.41 | Q63: 563.15 | R63: =G63*5% -> 2989 | S63: 44251.36
B64: =TEXT(C64,"MMM-YYYY") -> Jan-2023 | C64: 44953 | D64: =$A$1-C64 -> 1159 | E64: 38 | F64: 120 | G64: 56224 | H64: 118 | I64: 112 | J64: 46218.08 | K64: 3 | L64: 580 | M64: 49 | N64: 21192.91 | O64: 47 | P64: 11186.99 | Q64: 448.07 | R64: =G64*5% -> 2811.2 | S64: 46218.08
B65: =TEXT(C65,"MMM-YYYY") -> Jan-2023 | C65: 44954 | D65: =$A$1-C65 -> 1158 | E65: 44 | F65: 88 | G65: 42368 | H65: 88 | I65: 87 | J65: 33383.29 | K65: 2 | L65: 975.11 | M65: 41 | N65: 16961.42 | O65: 40 | P65: 7976.71 | Q65: 209.06 | R65: =G65*5% -> 2118.4 | S65: 33383.29
B66: =TEXT(C66,"MMM-YYYY") -> Jan-2023 | C66: 44955 | D66: =$A$1-C66 -> 1157 | E66: 30 | F66: 81 | G66: 38955 | H66: 78 | I66: 77 | J66: 37999.02 | M66: 28 | N66: 10088.45 | O66: 28 | P66: 9132.47 | Q66: 353.41 | R66: =G66*5% -> 1947.75 | S66: 37999.02
B67: =TEXT(C67,"MMM-YYYY") -> Jan-2023 | C67: 44956 | D67: =$A$1-C67 -> 1156 | E67: 50 | F67: 115 | G67: 53990 | H67: 112 | I67: 107 | J67: 47621.14 | K67: 6 | L67: 600 | M67: 58 | N67: 17718.91 | O67: 49 | P67: 11350.05 | Q67: 288.45 | R67: =G67*5% -> 2699.5 | S67: 47621.14
B68: =TEXT(C68,"MMM-YYYY") -> Jan-2023 | C68: 44957 | D68: =$A$1-C68 -> 1155 | E68: 46 | F68: 107 | G68: 50475 | H68: 106 | I68: 101 | J68: 37278.51 | K68: 2 | L68: 970.11 | M68: 56 | N68: 22241.11 | O68: 51 | P68: 9044.62 | Q68: 444.62 | R68: =G68*5% -> 2523.75 | S68: 37278.51
B69: =TEXT(C69,"MMM-YYYY") -> Feb-2023 | C69: 44958 | D69: =$A$1-C69 -> 1154 | E69: 28 | F69: 106 | G69: 49750 | H69: 106 | I69: 99 | J69: 34300.17 | K69: 1 | L69: 100 | M69: 60 | N69: 23858.47 | O69: 56 | P69: 8408.64 | Q69: 473.15 | R69: =G69*5% -> 2487.5 | S69: 34300.17
B70: =TEXT(C70,"MMM-YYYY") -> Feb-2023 | C70: 44959 | D70: =$A$1-C70 -> 1153 | E70: 42 | F70: 103 | G70: 49880 | H70: 102 | I70: 102 | J70: 38238.44 | K70: 1 | L70: 500.11 | M70: 48 | N70: 20695.39 | O70: 48 | P70: 9053.83 | Q70: 175.73 | R70: =G70*5% -> 2494 | S70: 38238.44
B71: =TEXT(C71,"MMM-YYYY") -> Feb-2023 | C71: 44960 | D71: =$A$1-C71 -> 1152 | E71: 38 | F71: 115 | G71: 55167.78 | H71: 114 | I71: 107 | J71: 35205.88 | K71: 2 | L71: 518.39 | M71: 72 | N71: 28486.86 | O71: 66 | P71: 8524.96 | Q71: 383.98 | R71: =G71*5% -> 2758.389 | S71: 35205.88
B72: =TEXT(C72,"MMM-YYYY") -> Feb-2023 | C72: 44961 | D72: =$A$1-C72 -> 1151 | E72: 50 | F72: 132 | G72: 64530 | H72: 130 | I72: 127 | J72: 44070.18 | K72: 6 | L72: 1860.11 | M72: 86 | N72: 31279.15 | O72: 79 | P72: 10819.33 | Q72: 644.44 | R72: =G72*5% -> 3226.5 | S72: 44070.18
B73: =TEXT(C73,"MMM-YYYY") -> Feb-2023 | C73: 44962 | D73: =$A$1-C73 -> 1150 | E73: 40 | F73: 98 | G73: 49000 | H73: 98 | I73: 96 | J73: 28794.63 | K73: 5 | L73: 1541 | M73: 59 | N73: 27143.18 | O73: 59 | P73: 6937.81 | Q73: 272.16 | R73: =G73*5% -> 2450 | S73: 28794.63
B74: =TEXT(C74,"MMM-YYYY") -> Feb-2023 | C74: 44963 | D74: =$A$1-C74 -> 1149 | E74: 35 | F74: 127 | G74: 61104 | H74: 126 | I74: 120 | J74: 37423.88 | K74: 5 | L74: 1150.24 | M74: 99 | N74: 32828.51 | O74: 75 | P74: 9148.39 | Q74: 495.6 | R74: =G74*5% -> 3055.2 | S74: 37423.88
B75: =TEXT(C75,"MMM-YYYY") -> Feb-2023 | C75: 44964 | D75: =$A$1-C75 -> 1148 | E75: 34 | F75: 90 | G75: 43678 | H75: 89 | I75: 88 | J75: 33848.12 | K75: 6 | L75: 2500.55 | M75: 47 | N75: 17958.33 | O75: 43 | P75: 8128.45 | Q75: 315.53 | R75: =G75*5% -> 2183.9 | S75: 33848.12
B76: =TEXT(C76,"MMM-YYYY") -> Feb-2023 | C76: 44965 | D76: =$A$1-C76 -> 1147 | E76: 39 | F76: 91 | G76: 42920 | H76: 90 | I76: 86 | J76: 33323.79 | K76: 2 | L76: 1000.22 | M76: 46 | N76: 17516.28 | O76: 45 | P76: 7920.07 | Q76: 270.24 | R76: =G76*5% -> 2146 | S76: 33323.79
B77: =TEXT(C77,"MMM-YYYY") -> Feb-2023 | C77: 44966 | D77: =$A$1-C77 -> 1146 | E77: 45 | F77: 97 | G77: 46308 | H77: 97 | I77: 94 | J77: 29428.41 | K77: 3 | L77: 580.02 | M77: 67 | N77: 23821.63 | O77: 62 | P77: 6942.04 | Q77: 133.99 | R77: =G77*5% -> 2315.4 | S77: 29428.41
B78: =TEXT(C78,"MMM-YYYY") -> Feb-2023 | C78: 44967 | D78: =$A$1-C78 -> 1145 | E78: 43 | F78: 92 | G78: 44690 | H78: 92 | I78: 91 | J78: 29312.05 | K78: 6 | L78: 1710 | M78: 61 | N78: 22558.92 | O78: 56 | P78: 7180.97 | Q78: 421.09 | R78: =G78*5% -> 2234.5 | S78: 29312.05
B79: =TEXT(C79,"MMM-YYYY") -> Feb-2023 | C79: 44968 | D79: =$A$1-C79 -> 1144 | E79: 34 | F79: 100 | G79: 46047 | H79: 97 | I79: 89 | J79: 32009.83 | M79: 51 | N79: 21652.75 | O79: 47 | P79: 7615.58 | Q79: 253.53 | R79: =G79*5% -> 2302.35 | S79: 32009.83
B80: =TEXT(C80,"MMM-YYYY") -> Feb-2023 | C80: 44969 | D80: =$A$1-C80 -> 1143 | E80: 32 | F80: 96 | G80: 44685 | H80: 93 | I80: 90 | J80: 34024.32 | K80: 5 | L80: 1645.22 | M80: 49 | N80: 18918.66 | O80: 45 | P80: 8257.98 | Q80: 529.3 | R80: =G80*5% -> 2234.25 | S80: 34024.32
B81: =TEXT(C81,"MMM-YYYY") -> Feb-2023 | C81: 44970 | D81: =$A$1-C81 -> 1142 | E81: 33 | F81: 72 | G81: 34930 | H81: 72 | I81: 71 | J81: 28329.45 | K81: 4 | L81: 1670.2 | M81: 42 | N81: 13414.99 | O81: 35 | P81: 6814.44 | Q81: 290.11 | R81: =G81*5% -> 1746.5 | S81: 28329.45
B82: =TEXT(C82,"MMM-YYYY") -> Feb-2023 | C82: 44971 | D82: =$A$1-C82 -> 1141 | E82: 26 | F82: 79 | G82: 38659 | H82: 78 | I82: 73 | J82: 24740.21 | K82: 2 | L82: 975.11 | M82: 41 | N82: 19803.65 | O82: 40 | P82: 5884.86 | Q82: 190.68 | R82: =G82*5% -> 1932.95 | S82: 24740.21
B83: =TEXT(C83,"MMM-YYYY") -> Feb-2023 | C83: 44972 | D83: =$A$1-C83 -> 1140 | E83: 32 | F83: 244 | G83: 122360 | H83: 241 | I83: 234 | J83: 78241.48 | K83: 6 | L83: 2175.37 | M83: 151 | N83: 63420.12 | O83: 140 | P83: 19301.6 | Q83: 1497.15 | R83: =G83*5% -> 6118 | S83: 78241.48
B84: =TEXT(C84,"MMM-YYYY") -> Feb-2023 | C84: 44973 | D84: =$A$1-C84 -> 1139 | E84: 53 | F84: 209 | G84: 108430 | H84: 204 | I84: 197 | J84: 66581.54 | K84: 9 | L84: 4038.66 | M84: 141 | N84: 57777.34 | O84: 124 | P84: 15928.88 | Q84: 665.29 | R84: =G84*5% -> 5421.5 | S84: 66581.54
B85: =TEXT(C85,"MMM-YYYY") -> Feb-2023 | C85: 44974 | D85: =$A$1-C85 -> 1138 | E85: 54 | F85: 166 | G85: 86370 | H85: 166 | I85: 159 | J85: 58999.26 | K85: 5 | L85: 1026.22 | M85: 95 | N85: 41824.16 | O85: 88 | P85: 14453.42 | Q85: 933.08 | R85: =G85*5% -> 4318.5 | S85: 58999.26
B86: =TEXT(C86,"MMM-YYYY") -> Feb-2023 | C86: 44975 | D86: =$A$1-C86 -> 1137 | E86: 53 | F86: 141 | G86: 76169 | H86: 140 | I86: 135 | J86: 47735.49 | K86: 5 | L86: 2875.53 | M86: 94 | N86: 39748.31 | O86: 84 | P86: 11314.8 | Q86: 362.74 | R86: =G86*5% -> 3808.45 | S86: 47735.49
B87: =TEXT(C87,"MMM-YYYY") -> Feb-2023 | C87: 44976 | D87: =$A$1-C87 -> 1136 | E87: 40 | F87: 114 | G87: 60960 | H87: 111 | I87: 107 | J87: 34855.41 | K87: 7 | L87: 2102.2 | M87: 82 | N87: 34669.83 | O87: 73 | P87: 8565.24 | Q87: 600.22 | R87: =G87*5% -> 3048 | S87: 34855.41
B88: =TEXT(C88,"MMM-YYYY") -> Feb-2023 | C88: 44977 | D88: =$A$1-C88 -> 1135 | E88: 49 | F88: 122 | G88: 63460 | H88: 120 | I88: 115 | J88: 47671.69 | K88: 1 | L88: 450 | M88: 50 | N88: 27174.14 | O88: 47 | P88: 11385.83 | Q88: 478.63 | R88: =G88*5% -> 3173 | S88: 47671.69
B89: =TEXT(C89,"MMM-YYYY") -> Feb-2023 | C89: 44978 | D89: =$A$1-C89 -> 1134 | E89: 57 | F89: 150 | G89: 79870 | H89: 148 | I89: 149 | J89: 53112.72 | K89: 8 | L89: 4270.88 | M89: 88 | N89: 39494.61 | O89: 79 | P89: 12737.33 | Q89: 592.06 | R89: =G89*5% -> 3993.5 | S89: 53112.72
B90: =TEXT(C90,"MMM-YYYY") -> Feb-2023 | C90: 44979 | D90: =$A$1-C90 -> 1133 | E90: 40 | F90: 84 | G90: 44460 | H90: 84 | I90: 83 | J90: 35689.01 | K90: 10 | L90: 2800.33 | M90: 48 | N90: 17065.68 | O90: 40 | P90: 8294.69 | Q90: 128.46 | R90: =G90*5% -> 2223 | S90: 35689.01
B91: =TEXT(C91,"MMM-YYYY") -> Feb-2023 | C91: 44980 | D91: =$A$1-C91 -> 1132 | E91: 37 | F91: 114 | G91: 62280 | H91: 112 | I91: 114 | J91: 35808.25 | K91: 5 | L91: 2975.55 | M91: 73 | N91: 35031.54 | O91: 69 | P91: 8559.79 | Q91: 436.94 | R91: =G91*5% -> 3114 | S91: 35808.25
... B93: =TEXT(C93,"MMM-YYYY") -> Feb-2023 | C93: 44982 | D93: =$A$1-C93 -> 1130 | E93: 38 | F93: 110 | G93: 56790 | H93: 109 | I93: 107 | J93: 44297.64 | K93: 2 | L93: 300.06 | M93: 51 | N93: 22795.34 | O93: 49 | P93: 10302.98 | Q93: 187.91 | R93: =G93*5% -> 2839.5 | S93: 44297.64
B94: =TEXT(C94,"MMM-YYYY") -> Feb-2023 | C94: 44983 | D94: =$A$1-C94 -> 1129 | E94: 31 | F94: 80 | G94: 38510 | H94: 80 | I94: 76 | J94: 29783.32 | M94: 33 | N94: 15766.42 | O94: 33 | P94: 7039.74 | Q94: 244.34 | R94: =G94*5% -> 1925.5 | S94: 29783.32
B95: =TEXT(C95,"MMM-YYYY") -> Feb-2023 | C95: 44984 | D95: =$A$1-C95 -> 1128 | E95: 53 | F95: 121 | G95: 62670 | H95: 120 | I95: 118 | J95: 47313.7 | K95: 8 | L95: 2575.37 | M95: 59 | N95: 26310.88 | O95: 57 | P95: 10954.58 | Q95: 166.1 | R95: =G95*5% -> 3133.5 | S95: 47313.7
B96: =TEXT(C96,"MMM-YYYY") -> Feb-2023 | C96: 44985 | D96: =$A$1-C96 -> 1127 | E96: 43 | F96: 57 | G96: 30169 | H96: 56 | I96: 56 | J96: 25223.5 | M96: 49 | N96: 10922.24 | O96: 48 | P96: 5976.74 | Q96: 238.15 | R96: =G96*5% -> 1508.45 | S96: 25223.5
B97: =TEXT(C97,"MMM-YYYY") -> Mar-2023 | C97: 44986 | D97: =$A$1-C97 -> 1126 | E97: 46 | F97: 104 | G97: 51320 | H97: 97 | I97: 96 | J97: 42085.44 | K97: 2 | L97: 1095.22 | M97: 64 | N97: 19280.95 | O97: 50 | P97: 10046.39 | Q97: 464.81 | R97: =G97*5% -> 2566 | S97: 42085.44
B98: =TEXT(C98,"MMM-YYYY") -> Mar-2023 | C98: 44987 | D98: =$A$1-C98 -> 1125 | E98: 116 | F98: 83 | G98: 45680 | H98: 79 | I98: 81 | J98: 18687.34 | K98: 5 | L98: 2550.5 | M98: 69 | N98: 31582.28 | O98: 66 | P98: 4589.62 | Q98: 368.26 | R98: =G98*5% -> 2284 | S98: 18687.34
B99: =TEXT(C99,"MMM-YYYY") -> Mar-2023 | C99: 44988 | D99: =$A$1-C99 -> 1124 | E99: 57 | F99: 25 | G99: 13376 | H99: 25 | I99: 25 | J99: 8903.6 | M99: 19 | N99: 6549.36 | O99: 17 | P99: 2076.96 | Q99: 49.36 | R99: =G99*5% -> 668.8 | S99: 8903.6
B100: =TEXT(C100,"MMM-YYYY") -> Mar-2023 | C100: 44989 | D100: =$A$1-C100 -> 1123 | E100: 42 | F100: 5 | G100: 3700 | H100: 4 | I100: 5 | J100: 0 | K100: 1 | L100: 100.02 | M100: 6 | N100: 3767.51 | O100: 6 | P100: 67.51 | Q100: 67.51 | R100: =G100*5% -> 185
B101: =TEXT(C101,"MMM-YYYY") -> Mar-2023 | C101: 44990 | D101: =$A$1-C101 -> 1122 | E101: 35 | F101: 1 | G101: 500 | H101: 1 | I101: 1 | J101: 646.99 | P101: 146.99 | Q101: 0 | R101: =G101*5% -> 25 | S101: 646.99
B102: =TEXT(C102,"MMM-YYYY") -> Mar-2023 | C102: 44991 | D102: =$A$1-C102 -> 1121 | E102: 27 | F102: 146 | G102: 79810 | H102: 145 | I102: 146 | J102: 43135.35 | K102: 1 | L102: 100.02 | M102: 106 | N102: 47708.61 | O102: 103 | P102: 11033.96 | Q102: 1402.95 | R102: =G102*5% -> 3990.5 | S102: 43135.35
B103: =TEXT(C103,"MMM-YYYY") -> Mar-2023 | C103: 44992 | D103: =$A$1-C103 -> 1120 | E103: 28 | F103: 109 | G103: 60770 | H103: 109 | I103: 109 | J103: 35967.96 | K103: 2 | L103: 800.11 | M103: 78 | N103: 33316.63 | O103: 72 | P103: 8514.59 | Q103: 344.27 | R103: =G103*5% -> 3038.5 | S103: 35967.96
B104: =TEXT(C104,"MMM-YYYY") -> Mar-2023 | C104: 44993 | D104: =$A$1-C104 -> 1119 | E104: 36 | F104: 60 | G104: 34260 | H104: 60 | I104: 60 | J104: 20045.9 | M104: 44 | N104: 19141.71 | O104: 35 | P104: 4927.61 | Q104: 394.6 | R104: =G104*5% -> 1713 | S104: 20045.9
B105: =TEXT(C105,"MMM-YYYY") -> Mar-2023 | C105: 44994 | D105: =$A$1-C105 -> 1118 | E105: 41 | F105: 139 | G105: 75575 | H105: 139 | I105: 139 | J105: 57989.97 | K105: 2 | L105: 1275.18 | M105: 73 | N105: 31193.08 | O105: 69 | P105: 13608.05 | Q105: 490.24 | R105: =G105*5% -> 3778.75 | S105: 57989.97
B106: =TEXT(C106,"MMM-YYYY") -> Mar-2023 | C106: 44995 | D106: =$A$1-C106 -> 1117 | E106: 39 | F106: 119 | G106: 63995 | H106: 117 | I106: 119 | J106: 42988.64 | K106: 8 | L106: 3407.44 | M106: 84 | N106: 31147.94 | O106: 77 | P106: 10141.58 | Q106: 430.6 | R106: =G106*5% -> 3199.75 | S106: 42988.64
B107: =TEXT(C107,"MMM-YYYY") -> Mar-2023 | C107: 44996 | D107: =$A$1-C107 -> 1116 | E107: 31 | F107: 97 | G107: 50950 | H107: 97 | I107: 97 | J107: 36867.37 | M107: 54 | N107: 22778.12 | O107: 52 | P107: 8695.49 | Q107: 398.64 | R107: =G107*5% -> 2547.5 | S107: 36867.37
B108: =TEXT(C108,"MMM-YYYY") -> Mar-2023 | C108: 44997 | D108: =$A$1-C108 -> 1115 | E108: 38 | F108: 85 | G108: 42950 | H108: 85 | I108: 85 | J108: 31651.58 | M108: 43 | N108: 18646.17 | O108: 41 | P108: 7347.75 | Q108: 196.26 | R108: =G108*5% -> 2147.5 | S108: 31651.58
B109: =TEXT(C109,"MMM-YYYY") -> Mar-2023 | C109: 44998 | D109: =$A$1-C109 -> 1114 | E109: 27 | F109: 97 | G109: 51920 | H109: 94 | I109: 96 | J109: 33684.49 | K109: 9 | L109: 2570.38 | M109: 67 | N109: 26050.22 | O109: 59 | P109: 7814.71 | Q109: 199.3 | R109: =G109*5% -> 2596 | S109: 33684.49
B110: =TEXT(C110,"MMM-YYYY") -> Mar-2023 | C110: 44999 | D110: =$A$1-C110 -> 1113 | E110: 31 | F110: 190 | G110: 99246 | H110: 189 | I110: 190 | J110: 76164.34 | K110: 5 | L110: 1001.04 | M110: 111 | N110: 41158.2 | O110: 98 | P110: 18076.54 | Q110: 938.51 | R110: =G110*5% -> 4962.3 | S110: 76164.34
B111: =TEXT(C111,"MMM-YYYY") -> Mar-2023 | C111: 45000 | D111: =$A$1-C111 -> 1112 | E111: 410 | F111: 240 | G111: 125800 | H111: 239 | I111: 239 | J111: 116253.65 | K111: 5 | L111: 1405 | M111: 91 | N111: 36607.8 | O111: 84 | P111: 27061.45 | Q111: 923.12 | R111: =G111*5% -> 6290 | S111: 116253.65
...

Sheet Daily Summary(Airtel)
A1: 46112
C2: LOAN TENURE | E2: Optins | F2: DISBURSEMENT | I2: OUTSTANDING LOANS | K2: REPAYMENT AT DAY LOAN DISBURSED | M2: REPAYMENTS | P2: INTEREST & PENALTY | R2: Mandatory Svgs | S2: OVERDUE
B3: ID_MNTH | C3: DT_INTN_DATE | D3: TENURE | E3: # Cust | F3: VOLUME | G3: VALUE | H3: SUB_COUNT | I3: VOLUME | J3: VALUE | K3: VOLUME | L3: VALUE | M3: VOLUME | N3: VALUE | O3: SUB_COUNT | P3: ACCRUED | Q3: PAID | R3: VALUE | S3: VALUE
B4: =TEXT(C4,"MMM-YYYY") -> Nov-2022 | C4: 44894 | D4: =$A$1-C4 -> 1218 | E4: 3 | R4: =G4*5% -> 0
B5: =TEXT(C5,"MMM-YYYY") -> Nov-2022 | C5: 44895 | D5: =$A$1-C5 -> 1217 | E5: 153845 | F5: 38515 | G5: 19045866 | H5: 38448 | I5: 38511 | J5: 18578142 | K5: 534 | L5: 97672.47 | M5: 17260 | N5: 5020962.3 | O5: 15673 | P5: 4553007.6 | Q5: 66695.84 | R5: =G5*5% -> 952293.3 | S5: 18578138
B6: =TEXT(C6,"MMM-YYYY") -> Dec-2022 | C6: 44896 | D6: =$A$1-C6 -> 1216 | E6: 185337 | F6: 96379 | G6: 47686144 | H6: 96140 | I6: 96379 | J6: 47856229 | K6: 1533 | L6: 294037.3 | M6: 39639 | N6: 11523984 | O6: 35935 | P6: 11690975 | Q6: 144643.11 | R6: =G6*5% -> 2384307.2 | S6: 47856223
B7: =TEXT(C7,"MMM-YYYY") -> Dec-2022 | C7: 44897 | D7: =$A$1-C7 -> 1215 | E7: 127311 | F7: 95693 | G7: 47276672 | H7: 95383 | I7: 95693 | J7: 49071138 | K7: 2022 | L7: 399927.35 | M7: 34974 | N7: 10171436 | O7: 31960 | P7: 11963958 | Q7: 131795.48 | R7: =G7*5% -> 2363833.6 | S7: 49071138
B8: =TEXT(C8,"MMM-YYYY") -> Dec-2022 | C8: 44898 | D8: =$A$1-C8 -> 1214 | E8: 100328 | F8: 115548 | G8: 57201032 | H8: 115245 | I8: 115547 | J8: 63221247 | K8: 1866 | L8: 394136.04 | M8: 32763 | N8: 9351584.5 | O8: 29720 | P8: 15368070 | Q8: 131538.81 | R8: =G8*5% -> 2860051.6 | S8: 63221244
B9: =TEXT(C9,"MMM-YYYY") -> Dec-2022 | C9: 44899 | D9: =$A$1-C9 -> 1213 | E9: 57760 | F9: 76290 | G9: 37712176 | H9: 76112 | I9: 76290 | J9: 41700583 | K9: 1396 | L9: 279251.95 | M9: 21455 | N9: 6140363.5 | O9: 19532 | P9: 10126629 | Q9: 82324.37 | R9: =G9*5% -> 1885608.8 | S9: 41700581
B10: =TEXT(C10,"MMM-YYYY") -> Dec-2022 | C10: 44900 | D10: =$A$1-C10 -> 1212 | E10: 40945 | F10: 50960 | G10: 25238596 | H10: 50831 | I10: 50960 | J10: 27390139 | K10: 737 | L10: 172093.84 | M10: 14647 | N10: 4497584.4 | O10: 13458 | P10: 6647124.2 | Q10: 53911.68 | R10: =G10*5% -> 1261929.8 | S10: 27390137
B11: =TEXT(C11,"MMM-YYYY") -> Dec-2022 | C11: 44901 | D11: =$A$1-C11 -> 1211 | E11: 25708 | F11: 39130 | G11: 19353277 | H11: 39013 | I11: 39130 | J11: 20680132 | K11: 671 | L11: 169718.98 | M11: 11880 | N11: 3692254.6 | O11: 11015 | P11: 5018119.5 | Q11: 43811.51 | R11: =G11*5% -> 967663.85 | S11: 20680132
B12: =TEXT(C12,"MMM-YYYY") -> Dec-2022 | C12: 44902 | D12: =$A$1-C12 -> 1210 | E12: 35107 | F12: 36159 | G12: 17851797 | H12: 36050 | I12: 36159 | J12: 18512342 | K12: 559 | L12: 147500.12 | M12: 12366 | N12: 3849632.6 | O12: 11382 | P12: 4508140.8 | Q12: 58329.65 | R12: =G12*5% -> 892589.85 | S12: 18512342
B13: =TEXT(C13,"MMM-YYYY") -> Dec-2022 | C13: 44903 | D13: =$A$1-C13 -> 1209 | E13: 24770 | F13: 29956 | G13: 14789723 | H13: 29875 | I13: 29956 | J13: 15427423 | K13: 517 | L13: 126245.3 | M13: 9988 | N13: 3118185.3 | O13: 9186 | P13: 3754732.1 | Q13: 48131.14 | R13: =G13*5% -> 739486.15 | S13: 15427423
B14: =TEXT(C14,"MMM-YYYY") -> Dec-2022 | C14: 44904 | D14: =$A$1-C14 -> 1208 | E14: 25510 | F14: 29702 | G14: 14634452 | H14: 29636 | I14: 29702 | J14: 15364256 | K14: 507 | L14: 117670.48 | M14: 9635 | N14: 3006339.8 | O14: 8850 | P14: 3735020.8 | Q14: 47187.3 | R14: =G14*5% -> 731722.6 | S14: 15364256
B15: =TEXT(C15,"MMM-YYYY") -> Dec-2022 | C15: 44905 | D15: =$A$1-C15 -> 1207 | E15: 11533 | F15: 18591 | G15: 9160537 | H15: 18532 | I15: 18591 | J15: 9406369.3 | K15: 353 | L15: 89323.06 | M15: 6551 | N15: 2041829.5 | O15: 6023 | P15: 2286735.2 | Q15: 30153.35 | R15: =G15*5% -> 458026.85 | S15: 9406369.3
B16: =TEXT(C16,"MMM-YYYY") -> Dec-2022 | C16: 44906 | D16: =$A$1-C16 -> 1206 | E16: 8994 | F16: 14980 | G16: 7374920 | H16: 14939 | I16: 14980 | J16: 7527236.9 | K16: 313 | L16: 73763.12 | M16: 5402 | N16: 1676812.2 | O16: 4985 | P16: 1828582 | Q16: 23637.91 | R16: =G16*5% -> 368746 | S16: 7527236.9
... B36: =TEXT(C36,"MMM-YYYY") -> Dec-2022 | C36: 44926 | D36: =$A$1-C36 -> 1186 | E36: 2160 | F36: 5510 | G36: 2706087 | H36: 5498 | I36: 5510 | J36: 2448771.1 | K36: 87 | L36: 19129.45 | M36: 2604 | N36: 850008.04 | O36: 2411 | P36: 591843.36 | Q36: 12670.14 | R36: =G36*5% -> 135304.35 | S36: 2448771.1
G37: =SUM(G6:G36) -> 376449796
B38: =TEXT(C38,"MMM-YYYY") -> Jan-2023 | C38: 44927 | D38: =$A$1-C38 -> 1185 | E38: 1536 | F38: 2871 | G38: 1413060 | H38: 2867 | I38: 2871 | J38: 1232212.9 | K38: 28 | L38: 6371.56 | M38: 1566 | N38: 479971.52 | O38: 1444 | P38: 298221.3 | Q38: 6803.01 | R38: =G38*5% -> 70653 | S38: 1232212.9
B39: =TEXT(C39,"MMM-YYYY") -> Jan-2023 | C39: 44928 | D39: =$A$1-C39 -> 1184 | E39: 1216 | F39: 3328 | G39: 1638933 | H39: 3325 | I39: 3328 | J39: 1355527.1 | K39: 52 | L39: 7832.99 | M39: 1866 | N39: 615440.06 | O39: 1736 | P39: 328742.4 | Q39: 8617.11 | R39: =G39*5% -> 81946.65 | S39: 1355527.1
B40: =TEXT(C40,"MMM-YYYY") -> Jan-2023 | C40: 44929 | D40: =$A$1-C40 -> 1183 | E40: 1985 | F40: 4967 | G40: 2441983 | H40: 4955 | I40: 4967 | J40: 2060083.4 | K40: 66 | L40: 14878.29 | M40: 2679 | N40: 884104.09 | O40: 2508 | P40: 499771.63 | Q40: 13137.7 | R40: =G40*5% -> 122099.15 | S40: 2060083.4
B41: =TEXT(C41,"MMM-YYYY") -> Jan-2023 | C41: 44930 | D41: =$A$1-C41 -> 1182 | E41: 1966 | F41: 4695 | G41: 2310657 | H41: 4685 | I41: 4695 | J41: 1930595.1 | K41: 63 | L41: 17489.05 | M41: 2469 | N41: 851851.23 | O41: 2307 | P41: 467650.37 | Q41: 11857.34 | R41: =G41*5% -> 115532.85 | S41: 1930595.1
B42: =TEXT(C42,"MMM-YYYY") -> Jan-2023 | C42: 44931 | D42: =$A$1-C42 -> 1181 | E42: 1860 | F42: 4612 | G42: 2269528 | H42: 4604 | I42: 4612 | J42: 1877613.4 | K42: 73 | L42: 19572.18 | M42: 2400 | N42: 851558.02 | O42: 2282 | P42: 454655.36 | Q42: 11853.95 | R42: =G42*5% -> 113476.4 | S42: 1877613.4
B43: =TEXT(C43,"MMM-YYYY") -> Jan-2023 | C43: 44932 | D43: =$A$1-C43 -> 1180 | E43: 1794 | F43: 4481 | G43: 2206549 | H43: 4474 | I43: 4481 | J43: 1805433.2 | K43: 66 | L43: 12627.07 | M43: 2441 | N43: 840906.09 | O43: 2276 | P43: 436592.53 | Q43: 10925.48 | R43: =G43*5% -> 110327.45 | S43: 1805433
B44: =TEXT(C44,"MMM-YYYY") -> Jan-2023 | C44: 44933 | D44: =$A$1-C44 -> 1179 | E44: 1698 | F44: 4141 | G44: 2038053 | H44: 4134 | I44: 4141 | J44: 1666669.1 | K44: 55 | L44: 13894.8 | M44: 2343 | N44: 785015.78 | O44: 2171 | P44: 403324.03 | Q44: 11133.39 | R44: =G44*5% -> 101902.65 | S44: 1666669.1
B45: =TEXT(C45,"MMM-YYYY") -> Jan-2023 | C45: 44934 | D45: =$A$1-C45 -> 1178 | E45: 1569 | F45: 3668 | G45: 1802667 | H45: 3658 | I45: 3668 | J45: 1591045.2 | K45: 69 | L45: 16489.74 | M45: 1741 | N45: 597470.25 | O45: 1637 | P45: 382571.29 | Q45: 8045.65 | R45: =G45*5% -> 90133.35 | S45: 1591045.2
B46: =TEXT(C46,"MMM-YYYY") -> Jan-2023 | C46: 44935 | D46: =$A$1-C46 -> 1177 | E46: 1753 | F46: 8245 | G46: 4048047 | H46: 8235 | I46: 8245 | J46: 3975704.8 | K46: 92 | L46: 23408.35 | M46: 3151 | N46: 1031648.4 | O46: 2932 | P46: 952402.64 | Q46: 16892.46 | R46: =G46*5% -> 202402.35 | S46: 3975704.8
B47: =TEXT(C47,"MMM-YYYY") -> Jan-2023 | C47: 44936 | D47: =$A$1-C47 -> 1176 | E47: 1360 | F47: 2874 | G47: 1409653 | H47: 2870 | I47: 2874 | J47: 1288708.2 | K47: 41 | L47: 9309.93 | M47: 1270 | N47: 431545.59 | O47: 1194 | P47: 309347.28 | Q47: 6311.21 | R47: =G47*5% -> 70482.65 | S47: 1288708.2
B48: =TEXT(C48,"MMM-YYYY") -> Jan-2023 | C48: 44937 | D48: =$A$1-C48 -> 1175 | E48: 1723 | F48: 3489 | G48: 1709789 | H48: 3483 | I48: 3489 | J48: 1549959.8 | K48: 62 | L48: 9773.67 | M48: 1571 | N48: 534536.51 | O48: 1472 | P48: 372328.39 | Q48: 8024.49 | R48: =G48*5% -> 85489.45 | S48: 1549959.8
B49: =TEXT(C49,"MMM-YYYY") -> Jan-2023 | C49: 44938 | D49: =$A$1-C49 -> 1174 | E49: 1729 | F49: 3880 | G49: 1902288 | H49: 3870 | I49: 3880 | J49: 1754806.1 | K49: 51 | L49: 11342.55 | M49: 1722 | N49: 572197.59 | O49: 1613 | P49: 420986.87 | Q49: 9191.18 | R49: =G49*5% -> 95114.4 | S49: 1754806.1
... B157: =TEXT(C157,"MMM-YYYY") -> Apr-2023 | C157: 45046 | D157: =$A$1-C157 -> 1066 | E157: 723 | F157: 1087 | G157: 572842 | H157: 1084 | I157: 1087 | J157: 491409.6 | K157: 16 | L157: 2481.37 | M157: 496 | N157: 192818.64 | O157: 456 | P157: 109567.51 | Q157: 2547.58 | R157: =G157*5% -> 28642.1 | S157: 491409.6
G158: =SUM(G128:G157) -> 22266452
B159: =TEXT(C159,"MMM-YYYY") -> May-2023 | C159: 45047 | D159: =$A$1-C159 -> 1065 | E159: 803 | F159: 1204 | G159: 633487 | H159: 1198 | I159: 1204 | J159: 559172.02 | K159: 23 | L159: 6159.82 | M159: 560 | N159: 201117.53 | O159: 513 | P159: 124851.4 | Q159: 3084.62 | R159: =G159*5% -> 31674.35 | S159: 559172.02
B160: =TEXT(C160,"MMM-YYYY") -> May-2023 | C160: 45048 | D160: =$A$1-C160 -> 1064 | E160: 723 | F160: 1185 | G160: 628819 | H160: 1179 | I160: 1185 | J160: 528162.2 | K160: 24 | L160: 7038.02 | M160: 530 | N160: 219662.43 | O160: 493 | P160: 117706.03 | Q160: 2796.42 | R160: =G160*5% -> 31440.95 | S160: 528162.2
B161: =TEXT(C161,"MMM-YYYY") -> May-2023 | C161: 45049 | D161: =$A$1-C161 -> 1063 | E161: 686 | F161: 1296 | G161: 711499 | H161: 1291 | I161: 1296 | J161: 531730.94 | K161: 26 | L161: 6505.66 | M161: 768 | N161: 303616.43 | O161: 709 | P161: 119732.6 | Q161: 4320.13 | R161: =G161*5% -> 35574.95 | S161: 531730.94
B162: =TEXT(C162,"MMM-YYYY") -> May-2023 | C162: 45050 | D162: =$A$1-C162 -> 1062 | E162: 718 | F162: 1271 | G162: 693629 | H162: 1266 | I162: 1271 | J162: 524415.95 | K162: 28 | L162: 5397.54 | M162: 737 | N162: 289493.72 | O162: 666 | P162: 117459.07 | Q162: 3422.61 | R162: =G162*5% -> 34681.45 | S162: 524415.95
B163: =TEXT(C163,"MMM-YYYY") -> May-2023 | C163: 45051 | D163: =$A$1-C163 -> 1061 | E163: 743 | F163: 1259 | G163: 687811 | H163: 1257 | I163: 1259 | J163: 529883.21 | K163: 22 | L163: 3049 | M163: 699 | N163: 278625.96 | O163: 646 | P163: 118555.68 | Q163: 3608.83 | R163: =G163*5% -> 34390.55 | S163: 529883.21
B164: =TEXT(C164,"MMM-YYYY") -> May-2023 | C164: 45052 | D164: =$A$1-C164 -> 1060 | E164: 656 | F164: 1186 | G164: 640947 | H164: 1178 | I164: 1186 | J164: 506919.74 | K164: 24 | L164: 8296.01 | M164: 636 | N164: 252825.45 | O164: 590 | P164: 113086.86 | Q164: 3285.98 | R164: =G164*5% -> 32047.35 | S164: 506919.74
B165: =TEXT(C165,"MMM-YYYY") -> May-2023 | C165: 45053 | D165: =$A$1-C165 -> 1059 | E165: 714 | F165: 1212 | G165: 639835 | H165: 1208 | I165: 1212 | J165: 536823.07 | K165: 25 | L165: 6136.85 | M165: 601 | N165: 226731 | O165: 555 | P165: 120058.42 | Q165: 3863.97 | R165: =G165*5% -> 31991.75 | S165: 536823.07
B166: =TEXT(C166,"MMM-YYYY") -> May-2023 | C166: 45054 | D166: =$A$1-C166 -> 1058 | E166: 755 | F166: 1228 | G166: 664025 | H166: 1228 | I166: 1228 | J166: 535777.85 | K166: 19 | L166: 6641.95 | M166: 631 | N166: 249784.18 | O166: 573 | P166: 119740.95 | Q166: 3650.55 | R166: =G166*5% -> 33201.25 | S166: 535777.85
B167: =TEXT(C167,"MMM-YYYY") -> May-2023 | C167: 45055 | D167: =$A$1-C167 -> 1057 | E167: 693 | F167: 1236 | G167: 660721 | H167: 1235 | I167: 1236 | J167: 542168.05 | K167: 20 | L167: 5868.23 | M167: 652 | N167: 244367.41 | O167: 591 | P167: 121350.64 | Q167: 4097.74 | R167: =G167*5% -> 33036.05 | S167: 542168.05
B168: =TEXT(C168,"MMM-YYYY") -> May-2023 | C168: 45056 | D168: =$A$1-C168 -> 1056 | E168: 643 | F168: 1076 | G168: 582975 | H168: 1075 | I168: 1076 | J168: 477965.89 | K168: 19 | L168: 6032.79 | M168: 575 | N168: 212357.33 | O168: 517 | P168: 106354.67 | Q168: 2955.22 | R168: =G168*5% -> 29148.75 | S168: 477965.89
B169: =TEXT(C169,"MMM-YYYY") -> May-2023 | C169: 45057 | D169: =$A$1-C169 -> 1055 | E169: 680 | F169: 1159 | G169: 621995 | H169: 1157 | I169: 1159 | J169: 499437.14 | K169: 17 | L169: 4326.77 | M169: 623 | N169: 235075.89 | O169: 560 | P169: 110776.62 | Q169: 2847.82 | R169: =G169*5% -> 31099.75 | S169: 499437.14
B170: =TEXT(C170,"MMM-YYYY") -> May-2023 | C170: 45058 | D170: =$A$1-C170 -> 1054 | E170: 729 | F170: 1089 | G170: 578582 | H170: 1087 | I170: 1089 | J170: 487840.01 | K170: 18 | L170: 3105.09 | M170: 576 | N170: 201702.12 | O170: 516 | P170: 108420.42 | Q170: 2931.77 | R170: =G170*5% -> 28929.1 | S170: 487840.01
... B287: =TEXT(C287,"MMM-YYYY") -> Sep-2023 | C287: 45177 | D287: =$A$1-C287 -> 935 | E287: 186 | F287: 188 | G287: 104009 | H287: 187 | I287: 188 | J287: 53018.42 | K287: 4 | L287: 1390.22 | M287: 268 | N287: 65001.92 | O287: 223 | P287: 11119.3 | Q287: 720.66 | R287: =G287*5% -> 5200.45 | S287: 53018.42
B288: =TEXT(C288,"MMM-YYYY") -> Sep-2023 | C288: 45178 | D288: =$A$1-C288 -> 934 | E288: 210 | F288: 156 | G288: 91210 | H288: 156 | I288: 156 | J288: 34785.21 | M288: 161 | N288: 69109.96 | O288: 149 | P288: 7461.31 | Q288: 674.57 | R288: =G288*5% -> 4560.5 | S288: 34785.21
B289: =TEXT(C289,"MMM-YYYY") -> Sep-2023 | C289: 45179 | D289: =$A$1-C289 -> 933 | E289: 206 | F289: 144 | G289: 80930 | H289: 144 | I289: 144 | J289: 36157 | K289: 6 | L289: 2507.81 | M289: 149 | N289: 53558.64 | O289: 133 | P289: 7766.86 | Q289: 658.07 | R289: =G289*5% -> 4046.5 | S289: 36157
B290: =TEXT(C290,"MMM-YYYY") -> Sep-2023 | C290: 45180 | D290: =$A$1-C290 -> 932 | E290: 235 | F290: 154 | G290: 86470 | H290: 154 | I290: 154 | J290: 48520.69 | K290: 1 | L290: 500.11 | M290: 130 | N290: 48949.36 | O290: 115 | P290: 10285.21 | Q290: 781.74 | R290: =G290*5% -> 4323.5 | S290: 48520.69
B291: =TEXT(C291,"MMM-YYYY") -> Sep-2023 | C291: 45181 | D291: =$A$1-C291 -> 931 | E291: 197 | F291: 217 | G291: 116170 | H291: 217 | I291: 217 | J291: 58845.98 | K291: 5 | L291: 2065.24 | M291: 214 | N291: 70254.24 | O291: 202 | P291: 12333.46 | Q291: 900.74 | R291: =G291*5% -> 5808.5 | S291: 58845.98
B292: =TEXT(C292,"MMM-YYYY") -> Sep-2023 | C292: 45182 | D292: =$A$1-C292 -> 930 | E292: 236 | F292: 330 | G292: 200400 | H292: 330 | I292: 330 | J292: 75767.29 | K292: 6 | L292: 808.15 | M292: 364 | N292: 145226.27 | O292: 325 | P292: 16133.85 | Q292: 1344.96 | R292: =G292*5% -> 10020 | S292: 75767.29
B293: =TEXT(C293,"MMM-YYYY") -> Sep-2023 | C293: 45183 | D293: =$A$1-C293 -> 929 | E293: 227 | F293: 194 | G293: 102800 | H293: 194 | I293: 194 | J293: 50992.95 | M293: 177 | N293: 64587.55 | O293: 169 | P293: 10883.74 | Q293: 911.85 | R293: =G293*5% -> 5140 | S293: 50992.95
B294: =TEXT(C294,"MMM-YYYY") -> Sep-2023 | C294: 45184 | D294: =$A$1-C294 -> 928 | E294: 217 | F294: 177 | G294: 98814 | H294: 177 | I294: 177 | J294: 46159.38 | K294: 4 | L294: 1340.22 | M294: 163 | N294: 63603.95 | O294: 151 | P294: 9667.48 | Q294: 718.74 | R294: =G294*5% -> 4940.7 | S294: 46159.38
B295: =TEXT(C295,"MMM-YYYY") -> Sep-2023 | C295: 45185 | D295: =$A$1-C295 -> 927 | E295: 190 | F295: 160 | G295: 85210 | H295: 160 | I295: 160 | J295: 43258.79 | K295: 1 | L295: 100.02 | M295: 149 | N295: 53201.46 | O295: 139 | P295: 8912.09 | Q295: 453.96 | R295: =G295*5% -> 4260.5 | S295: 43258.79
B296: =TEXT(C296,"MMM-YYYY") -> Sep-2023 | C296: 45186 | D296: =$A$1-C296 -> 926 | E296: 191 | F296: 251 | G296: 150970 | H296: 251 | I296: 251 | J296: 53035.46 | K296: 3 | L296: 807.11 | M296: 356 | N296: 116543.01 | O296: 317 | P296: 11409.41 | Q296: 1140.73 | R296: =G296*5% -> 7548.5 | S296: 53035.46
B297: =TEXT(C297,"MMM-YYYY") -> Sep-2023 | C297: 45187 | D297: =$A$1-C297 -> 925 | E297: 2 | F297: 2 | G297: 1000 | H297: 2 | I297: 2 | J297: 621.38 | M297: 1 | N297: 503.08 | O297: 1 | P297: 124.46 | Q297: 3.08 | R297: =G297*5% -> 50 | S297: 621.38
B298: =TEXT(C298,"MMM-YYYY") -> Sep-2023 | C298: 45188 | D298: =$A$1-C298 -> 924 | E298: 2 | F298: 3 | G298: 1500 | H298: 3 | I298: 3 | J298: 621.25 | M298: 11 | N298: 1226.27 | O298: 8 | P298: 131.52 | Q298: 10.27 | R298: =G298*5% -> 75 | S298: 621.25
B299: =TEXT(C299,"MMM-YYYY") -> Sep-2023 | C299: 45189 | D299: =$A$1-C299 -> 923 | E299: 162 | F299: 179 | G299: 103070 | H299: 178 | I299: 179 | J299: 38447.46 | K299: 4 | L299: 1065.11 | M299: 215 | N299: 78640.59 | O299: 195 | P299: 8486.19 | Q299: 1044.61 | R299: =G299*5% -> 5153.5 | S299: 38447.46
B300: =TEXT(C300,"MMM-YYYY") -> Sep-2023 | C300: 45190 | D300: =$A$1-C300 -> 922 | E300: 235 | F300: 209 | G300: 114510 | H300: 209 | I300: 209 | J300: 52356.06 | K300: 9 | L300: 2513.33 | M300: 183 | N300: 77622.84 | O300: 171 | P300: 11038.53 | Q300: 929.07 | R300: =G300*5% -> 5725.5 | S300: 52356.06
B301: =TEXT(C301,"MMM-YYYY") -> Sep-2023 | C301: 45191 | D301: =$A$1-C301 -> 921 | E301: 253 | F301: 165 | G301: 95900 | H301: 165 | I301: 165 | J301: 44714.48 | K301: 1 | L301: 200 | M301: 157 | N301: 63908.4 | O301: 145 | P301: 9339.36 | Q301: 702.41 | R301: =G301*5% -> 4795 | S301: 44714.48
B302: =TEXT(C302,"MMM-YYYY") -> Sep-2023 | C302: 45192 | D302: =$A$1-C302 -> 920 | E302: 183 | F302: 160 | G302: 91040 | H302: 159 | I302: 160 | J302: 29793.26 | K302: 7 | L302: 1230.11 | M302: 182 | N302: 73218.85 | O302: 171 | P302: 6574.91 | Q302: 771.76 | R302: =G302*5% -> 4552 | S302: 29793.26
B303: =TEXT(C303,"MMM-YYYY") -> Sep-2023 | C303: 45193 | D303: =$A$1-C303 -> 919 | E303: 205 | F303: 162 | G303: 90150 | H303: 161 | I303: 162 | J303: 39250.93 | K303: 2 | L303: 100.72 | M303: 155 | N303: 62205.43 | O303: 150 | P303: 8171.07 | Q303: 609.78 | R303: =G303*5% -> 4507.5 | S303: 39250.93
B304: =TEXT(C304,"MMM-YYYY") -> Sep-2023 | C304: 45194 | D304: =$A$1-C304 -> 918 | E304: 252 | F304: 136 | G304: 76530 | H304: 136 | I304: 136 | J304: 35602.75 | K304: 4 | L304: 562.75 | M304: 124 | N304: 52285.23 | O304: 116 | P304: 7515.63 | Q304: 697.15 | R304: =G304*5% -> 3826.5 | S304: 35602.75
B305: =TEXT(C305,"MMM-YYYY") -> Sep-2023 | C305: 45195 | D305: =$A$1-C305 -> 917 | E305: 175 | F305: 139 | G305: 75955 | H305: 139 | I305: 139 | J305: 36302.82 | K305: 4 | L305: 865.12 | M305: 130 | N305: 50592.82 | O305: 120 | P305: 7435.68 | Q305: 410.43 | R305: =G305*5% -> 3797.75 | S305: 36302.82
B306: =TEXT(C306,"MMM-YYYY") -> Sep-2023 | C306: 45196 | D306: =$A$1-C306 -> 916 | E306: 168 | F306: 154 | G306: 83540 | H306: 153 | I306: 154 | J306: 42042.07 | K306: 1 | L306: 50.01 | M306: 127 | N306: 51966.74 | O306: 118 | P306: 8608.75 | Q306: 542.82 | R306: =G306*5% -> 4177 | S306: 42042.07
B307: =TEXT(C307,"MMM-YYYY") -> Sep-2023 | C307: 45197 | D307: =$A$1-C307 -> 915 | E307: 111 | F307: 77 | G307: 42990 | H307: 77 | I307: 77 | J307: 19124.99 | K307: 2 | L307: 123 | M307: 73 | N307: 30671.53 | O307: 69 | P307: 4097.28 | Q307: 394.24 | R307: =G307*5% -> 2149.5 | S307: 19124.99
B308: =TEXT(C308,"MMM-YYYY") -> Sep-2023 | C308: 45198 | D308: =$A$1-C308 -> 914 | E308: 155 | F308: 117 | G308: 67790 | H308: 117 | I308: 117 | J308: 27841.07 | K308: 1 | L308: 25.11 | M308: 105 | N308: 48294.93 | O308: 97 | P308: 5767.57 | Q308: 387.78 | R308: =G308*5% -> 3389.5 | S308: 27841.07
B309: =TEXT(C309,"MMM-YYYY") -> Sep-2023 | C309: 45199 | D309: =$A$1-C309 -> 913 | E309: 158 | F309: 128 | G309: 70965 | H309: 128 | I309: 128 | J309: 31902.77 | K309: 2 | L309: 660.11 | M309: 121 | N309: 47712 | O309: 113 | P309: 6625.29 | Q309: 480.93 | R309: =G309*5% -> 3548.25 | S309: 31902.77
B310: =TEXT(C310,"MMM-YYYY") -> Oct-2023 | C310: 45200 | D310: =$A$1-C310 -> 912 | E310: 151 | F310: 99 | G310: 53100 | H310: 99 | I310: 99 | J310: 33903.62 | M310: 137 | N310: 31926.1 | O310: 109 | P310: 6999.72 | Q310: 475.86 | R310: =G310*5% -> 2655 | S310: 33903.62
B311: =TEXT(C311,"MMM-YYYY") -> Oct-2023 | C311: 45201 | D311: =$A$1-C311 -> 911 | E311: 137 | F311: 95 | G311: 51015 | H311: 95 | I311: 95 | J311: 36937.31 | M311: 109 | N311: 26290.01 | O311: 92 | P311: 7566.45 | Q311: 450.34 | R311: =G311*5% -> 2550.75 | S311: 36937.31
B312: =TEXT(C312,"MMM-YYYY") -> Oct-2023 | C312: 45202 | D312: =$A$1-C312 -> 910 | E312: 135 | F312: 79 | G312: 42100 | H312: 79 | I312: 79 | J312: 23612.81 | K312: 3 | L312: 900.19 | M312: 72 | N312: 24173.95 | O312: 61 | P312: 4877.77 | Q312: 327.19 | R312: =G312*5% -> 2105 | S312: 23612.81
B313: =TEXT(C313,"MMM-YYYY") -> Oct-2023 | C313: 45203 | D313: =$A$1-C313 -> 909 | E313: 131 | F313: 87 | G313: 46290 | H313: 87 | I313: 87 | J313: 28181.2 | K313: 1 | L313: 477 | M313: 93 | N313: 24259.93 | O313: 84 | P313: 5584.83 | Q313: 162.45 | R313: =G313*5% -> 2314.5 | S313: 28181.2
B314: =TEXT(C314,"MMM-YYYY") -> Oct-2023 | C314: 45204 | D314: =$A$1-C314 -> 908 | E314: 123 | F314: 76 | G314: 39785 | H314: 76 | I314: 76 | J314: 23737.7 | K314: 1 | L314: 500.11 | M314: 59 | N314: 21622.05 | O314: 59 | P314: 4990.86 | Q314: 466.65 | R314: =G314*5% -> 1989.25 | S314: 23737.7
B315: =TEXT(C315,"MMM-YYYY") -> Oct-2023 | C315: 45205 | D315: =$A$1-C315 -> 907 | E315: 125 | F315: 76 | G315: 39850 | H315: 76 | I315: 76 | J315: 24784.07 | K315: 1 | L315: 500.11 | M315: 56 | N315: 22256.27 | O315: 50 | P315: 5165.41 | Q315: 412.84 | R315: =G315*5% -> 1992.5 | S315: 24784.07
B316: =TEXT(C316,"MMM-YYYY") -> Oct-2023 | C316: 45206 | D316: =$A$1-C316 -> 906 | E316: 110 | F316: 71 | G316: 38450 | H316: 71 | I316: 71 | J316: 26966.34 | K316: 1 | L316: 500.11 | M316: 42 | N316: 17313.6 | O316: 40 | P316: 5322.06 | Q316: 155.72 | R316: =G316*5% -> 1922.5 | S316: 26966.34
B317: =TEXT(C317,"MMM-YYYY") -> Oct-2023 | C317: 45207 | D317: =$A$1-C317 -> 905 | E317: 115 | F317: 42 | G317: 20810 | H317: 42 | I317: 42 | J317: 16527.61 | K317: 3 | L317: 89 | M317: 25 | N317: 8124.49 | O317: 23 | P317: 3247.42 | Q317: 88.44 | R317: =G317*5% -> 1040.5 | S317: 16527.61
B318: =TEXT(C318,"MMM-YYYY") -> Oct-2023 | C318: 45208 | D318: =$A$1-C318 -> 904 | E318: 108 | F318: 65 | G318: 34340 | H318: 65 | I318: 65 | J318: 18392.48 | M318: 53 | N318: 20268.24 | O318: 49 | P318: 3715.17 | Q318: 194.1 | R318: =G318*5% -> 1717 | S318: 18392.48
B319: =TEXT(C319,"MMM-YYYY") -> Oct-2023 | C319: 45209 | D319: =$A$1-C319 -> 903 | E319: 137 | F319: 77 | G319: 40920 | H319: 77 | I319: 77 | J319: 24328.69 | M319: 64 | N319: 21691.14 | O319: 53 | P319: 4899.83 | Q319: 241.14 | R319: =G319*5% -> 2046 | S319: 24328.69
B320: =TEXT(C320,"MMM-YYYY") -> Oct-2023 | C320: 45210 | D320: =$A$1-C320 -> 902 | E320: 97 | F320: 66 | G320: 35200 | H320: 66 | I320: 66 | J320: 19679.35 | M320: 47 | N320: 19552.89 | O320: 47 | P320: 4032.14 | Q320: 302.79 | R320: =G320*5% -> 1760 | S320: 19679.35
B321: =TEXT(C321,"MMM-YYYY") -> Oct-2023 | C321: 45211 | D321: =$A$1-C321 -> 901 | E321: 122 | F321: 65 | G321: 37995 | H321: 65 | I321: 65 | J321: 24636.53 | M321: 42 | N321: 18752.76 | O321: 39 | P321: 4893.85 | Q321: 195.85 | R321: =G321*5% -> 1899.75 | S321: 24636.53
B322: =TEXT(C322,"MMM-YYYY") -> Oct-2023 | C322: 45212 | D322: =$A$1-C322 -> 900 | E322: 89 | F322: 59 | G322: 32250 | H322: 59 | I322: 59 | J322: 20952 | K322: 1 | L322: 500.11 | M322: 33 | N322: 15900.86 | O322: 32 | P322: 4091.2 | Q322: 85.32 | R322: =G322*5% -> 1612.5 | S322: 20952
B323: =TEXT(C323,"MMM-YYYY") -> Oct-2023 | C323: 45213 | D323: =$A$1-C323 -> 899 | E323: 119 | F323: 74 | G323: 39820 | H323: 74 | I323: 74 | J323: 23932.08 | K323: 2 | L323: 600.11 | M323: 62 | N323: 20871.1 | O323: 59 | P323: 4679.08 | Q323: 126.34 | R323: =G323*5% -> 1991 | S323: 23932.08
B324: =TEXT(C324,"MMM-YYYY") -> Oct-2023 | C324: 45214 | D324: =$A$1-C324 -> 898 | E324: 99 | F324: 77 | G324: 40770 | H324: 76 | I324: 77 | J324: 22605.92 | K324: 1 | L324: 500.11 | M324: 64 | N324: 25379.9 | O324: 60 | P324: 4549.7 | Q324: 229.76 | R324: =G324*5% -> 2038.5 | S324: 22605.92
B325: =TEXT(C325,"MMM-YYYY") -> Oct-2023 | C325: 45215 | D325: =$A$1-C325 -> 897 | E325: 110 | F325: 83 | G325: 46450 | H325: 82 | I325: 83 | J325: 24675.34 | K325: 2 | L325: 700.15 | M325: 62 | N325: 29404.32 | O325: 57 | P325: 4983.76 | Q325: 312.32 | R325: =G325*5% -> 2322.5 | S325: 24675.34
B326: =TEXT(C326,"MMM-YYYY") -> Oct-2023 | C326: 45216 | D326: =$A$1-C326 -> 896 | E326: 126 | F326: 95 | G326: 51264 | H326: 95 | I326: 95 | J326: 30963.88 | M326: 82 | N326: 28047.5 | O326: 72 | P326: 6285.06 | Q326: 396.83 | R326: =G326*5% -> 2563.2 | S326: 30963.88
B327: =TEXT(C327,"MMM-YYYY") -> Oct-2023 | C327: 45217 | D327: =$A$1-C327 -> 895 | E327: 133 | F327: 80 | G327: 40600 | H327: 80 | I327: 80 | J327: 29051.02 | M327: 54 | N327: 20281.16 | O327: 51 | P327: 5811.57 | Q327: 287.64 | R327: =G327*5% -> 2030 | S327: 29051.02
B328: =TEXT(C328,"MMM-YYYY") -> Oct-2023 | C328: 45218 | D328: =$A$1-C328 -> 894 | E328: 90 | F328: 86 | G328: 45255 | H328: 86 | I328: 86 | J328: 28157.36 | M328: 108 | N328: 24734.22 | O328: 85 | P328: 5575.96 | Q328: 227.82 | R328: =G328*5% -> 2262.75 | S328: 28157.36
B329: =TEXT(C329,"MMM-YYYY") -> Oct-2023 | C329: 45219 | D329: =$A$1-C329 -> 893 | E329: 103 | F329: 94 | G329: 50285 | H329: 93 | I329: 94 | J329: 20536.27 | K329: 1 | L329: 85.02 | M329: 123 | N329: 36260.26 | O329: 106 | P329: 4185.69 | Q329: 283.59 | R329: =G329*5% -> 2514.25 | S329: 20536.27
B330: =TEXT(C330,"MMM-YYYY") -> Oct-2023 | C330: 45220 | D330: =$A$1-C330 -> 892 | E330: 94 | F330: 97 | G330: 50135 | H330: 97 | I330: 97 | J330: 29669 | K330: 1 | L330: 35 | M330: 119 | N330: 28523.35 | O330: 107 | P330: 6022.87 | Q330: 453.06 | R330: =G330*5% -> 2506.75 | S330: 29669
B331: =TEXT(C331,"MMM-YYYY") -> Oct-2023 | C331: 45221 | D331: =$A$1-C331 -> 891 | E331: 124 | F331: 92 | G331: 47800 | H331: 92 | I331: 92 | J331: 27838.06 | K331: 2 | L331: 544 | M331: 126 | N331: 28388.44 | O331: 101 | P331: 5598.93 | Q331: 318.57 | R331: =G331*5% -> 2390 | S331: 27838.06
B332: =TEXT(C332,"MMM-YYYY") -> Oct-2023 | C332: 45222 | D332: =$A$1-C332 -> 890 | E332: 117 | F332: 74 | G332: 38700 | H332: 74 | I332: 74 | J332: 25290.03 | K332: 1 | L332: 800.18 | M332: 54 | N332: 19787.26 | O332: 51 | P332: 4896.49 | Q332: 106.46 | R332: =G332*5% -> 1935 | S332: 25290.03
B333: =TEXT(C333,"MMM-YYYY") -> Oct-2023 | C333: 45223 | D333: =$A$1-C333 -> 889 | E333: 131 | F333: 71 | G333: 35895 | H333: 71 | I333: 71 | J333: 22438.1 | K333: 1 | L333: 3 | M333: 67 | N333: 19890.81 | O333: 58 | P333: 4509.35 | Q333: 292.58 | R333: =G333*5% -> 1794.75 | S333: 22438.1
B334: =TEXT(C334,"MMM-YYYY") -> Oct-2023 | C334: 45224 | D334: =$A$1-C334 -> 888 | E334: 102 | F334: 83 | G334: 43290 | H334: 83 | I334: 83 | J334: 24502.04 | M334: 62 | N334: 24667.63 | O334: 56 | P334: 4922.36 | Q334: 287.27 | R334: =G334*5% -> 2164.5 | S334: 24502.04
B335: =TEXT(C335,"MMM-YYYY") -> Oct-2023 | C335: 45225 | D335: =$A$1-C335 -> 887 | E335: 112 | F335: 80 | G335: 41040 | H335: 80 | I335: 80 | J335: 25089.27 | M335: 67 | N335: 22052.52 | O335: 61 | P335: 5024.01 | Q335: 362.13 | R335: =G335*5% -> 2052 | S335: 25089.27
B336: =TEXT(C336,"MMM-YYYY") -> Oct-2023 | C336: 45226 | D336: =$A$1-C336 -> 886 | E336: 86 | F336: 69 | G336: 34780 | H336: 69 | I336: 69 | J336: 21036.65 | M336: 61 | N336: 20066.86 | O336: 56 | P336: 4187.34 | Q336: 237.62 | R336: =G336*5% -> 1739 | S336: 21036.65
B337: =TEXT(C337,"MMM-YYYY") -> Oct-2023 | C337: 45227 | D337: =$A$1-C337 -> 885 | E337: 94 | F337: 69 | G337: 36180 | H337: 69 | I337: 69 | J337: 25558.6 | K337: 2 | L337: 975.21 | M337: 48 | N337: 18820.93 | O337: 46 | P337: 5007.5 | Q337: 213.48 | R337: =G337*5% -> 1809 | S337: 25558.6
B338: =TEXT(C338,"MMM-YYYY") -> Oct-2023 | C338: 45228 | D338: =$A$1-C338 -> 884 | E338: 91 | F338: 73 | G338: 36400 | H338: 73 | I338: 73 | J338: 29957.36 | M338: 87 | N338: 13639 | O338: 76 | P338: 5825.83 | Q338: 175.68 | R338: =G338*5% -> 1820 | S338: 29957.36
B339: =TEXT(C339,"MMM-YYYY") -> Oct-2023 | C339: 45229 | D339: =$A$1-C339 -> 883 | E339: 116 | F339: 66 | G339: 34095 | H339: 66 | I339: 66 | J339: 22344.26 | M339: 75 | N339: 18387.64 | O339: 67 | P339: 4520.68 | Q339: 414.5 | R339: =G339*5% -> 1704.75 | S339: 22344.26
B340: =TEXT(C340,"MMM-YYYY") -> Oct-2023 | C340: 45230 | D340: =$A$1-C340 -> 882 | E340: 109 | F340: 54 | G340: 26750 | H340: 54 | I340: 54 | J340: 18346.04 | M340: 54 | N340: 13461.25 | O340: 48 | P340: 3547.7 | Q340: 106.63 | R340: =G340*5% -> 1337.5 | S340: 18346.04
B341: =TEXT(C341,"MMM-YYYY") -> Nov-2023 | C341: 45231 | D341: =$A$1-C341 -> 881 | E341: 87 | F341: 74 | G341: 38575 | H341: 74 | I341: 74 | J341: 25988.67 | K341: 1 | L341: 60 | M341: 83 | N341: 20263.89 | O341: 65 | P341: 5090.01 | Q341: 220.91 | R341: =G341*5% -> 1928.75 | S341: 25988.67
B342: =TEXT(C342,"MMM-YYYY") -> Nov-2023 | C342: 45232 | D342: =$A$1-C342 -> 880 | E342: 94 | F342: 76 | G342: 42215 | H342: 76 | I342: 76 | J342: 25263.23 | K342: 1 | L342: 500.11 | M342: 71 | N342: 24386.36 | O342: 57 | P342: 4962.66 | Q342: 228.52 | R342: =G342*5% -> 2110.75 | S342: 25263.23
...
